-- MySQL dump 10.13  Distrib 5.6.10, for Win64 (x86_64)
--
-- Host: localhost    Database: rdktesttoolproddb
-- ------------------------------------------------------
-- Server version	5.6.10

/*!40101 SET @OLD_CHARACTER_SET_CLIENT=@@CHARACTER_SET_CLIENT */;
/*!40101 SET @OLD_CHARACTER_SET_RESULTS=@@CHARACTER_SET_RESULTS */;
/*!40101 SET @OLD_COLLATION_CONNECTION=@@COLLATION_CONNECTION */;
/*!40101 SET NAMES utf8 */;
/*!40103 SET @OLD_TIME_ZONE=@@TIME_ZONE */;
/*!40103 SET TIME_ZONE='+00:00' */;
/*!40014 SET @OLD_UNIQUE_CHECKS=@@UNIQUE_CHECKS, UNIQUE_CHECKS=0 */;
/*!40014 SET @OLD_FOREIGN_KEY_CHECKS=@@FOREIGN_KEY_CHECKS, FOREIGN_KEY_CHECKS=0 */;
/*!40101 SET @OLD_SQL_MODE=@@SQL_MODE, SQL_MODE='NO_AUTO_VALUE_ON_ZERO' */;
/*!40111 SET @OLD_SQL_NOTES=@@SQL_NOTES, SQL_NOTES=0 */;

--
-- Table structure for table `box_manufacturer`
--

DROP TABLE IF EXISTS `box_manufacturer`;
/*!40101 SET @saved_cs_client     = @@character_set_client */;
/*!40101 SET character_set_client = utf8 */;
CREATE TABLE `box_manufacturer` (
  `id` bigint(20) NOT NULL AUTO_INCREMENT,
  `version` bigint(20) NOT NULL,
  `name` varchar(255) NOT NULL,
  `groups_id` bigint(20) DEFAULT NULL,
  PRIMARY KEY (`id`),
  UNIQUE KEY `name` (`name`),
  KEY `FK3D2E11C5984B586A` (`groups_id`),
  CONSTRAINT `FK3D2E11C5984B586A` FOREIGN KEY (`groups_id`) REFERENCES `groups` (`id`)
) ENGINE=InnoDB AUTO_INCREMENT=11 DEFAULT CHARSET=latin1;
/*!40101 SET character_set_client = @saved_cs_client */;

--
-- Dumping data for table `box_manufacturer`
--

LOCK TABLES `box_manufacturer` WRITE;
/*!40000 ALTER TABLE `box_manufacturer` DISABLE KEYS */;
INSERT INTO `box_manufacturer` VALUES (2,0,'Broadcom',NULL),(3,0,'Cisco',NULL),(4,0,'Entropic',NULL),(5,0,'Humax',NULL),(6,0,'Intel',NULL),(7,0,'Motorola',NULL),(8,0,'Pace',NULL),(9,0,'Samsung',NULL),(10,0,'Technicolor',NULL);
/*!40000 ALTER TABLE `box_manufacturer` ENABLE KEYS */;
UNLOCK TABLES;

--
-- Table structure for table `box_model`
--

DROP TABLE IF EXISTS `box_model`;
/*!40101 SET @saved_cs_client     = @@character_set_client */;
/*!40101 SET character_set_client = utf8 */;
CREATE TABLE `box_model` (
  `id` bigint(20) NOT NULL AUTO_INCREMENT,
  `version` bigint(20) NOT NULL,
  `name` varchar(255) NOT NULL,
  `groups_id` bigint(20) DEFAULT NULL,
  PRIMARY KEY (`id`),
  UNIQUE KEY `name` (`name`),
  KEY `FK411117B5984B586A` (`groups_id`),
  CONSTRAINT `FK411117B5984B586A` FOREIGN KEY (`groups_id`) REFERENCES `groups` (`id`)
) ENGINE=InnoDB DEFAULT CHARSET=latin1;
/*!40101 SET character_set_client = @saved_cs_client */;

--
-- Dumping data for table `box_model`
--

LOCK TABLES `box_model` WRITE;
/*!40000 ALTER TABLE `box_model` DISABLE KEYS */;
/*!40000 ALTER TABLE `box_model` ENABLE KEYS */;
UNLOCK TABLES;

--
-- Table structure for table `box_type`
--

DROP TABLE IF EXISTS `box_type`;
/*!40101 SET @saved_cs_client     = @@character_set_client */;
/*!40101 SET character_set_client = utf8 */;
CREATE TABLE `box_type` (
  `id` bigint(20) NOT NULL AUTO_INCREMENT,
  `version` bigint(20) NOT NULL,
  `name` varchar(255) NOT NULL,
  `type` varchar(255) NOT NULL,
  `groups_id` bigint(20) DEFAULT NULL,
  PRIMARY KEY (`id`),
  UNIQUE KEY `name` (`name`),
  KEY `FK863DB12E984B586A` (`groups_id`),
  CONSTRAINT `FK863DB12E984B586A` FOREIGN KEY (`groups_id`) REFERENCES `groups` (`id`)
) ENGINE=InnoDB AUTO_INCREMENT=4 DEFAULT CHARSET=latin1;
/*!40101 SET character_set_client = @saved_cs_client */;

--
-- Dumping data for table `box_type`
--

LOCK TABLES `box_type` WRITE;
/*!40000 ALTER TABLE `box_type` DISABLE KEYS */;
INSERT INTO `box_type` VALUES (1,0,'IPClient-3','Client',NULL),(2,0,'Hybrid-1','Gateway',NULL),(3,0,'Hybrid-5','Gateway',NULL);
/*!40000 ALTER TABLE `box_type` ENABLE KEYS */;
UNLOCK TABLES;

--
-- Table structure for table `device`
--

DROP TABLE IF EXISTS `device`;
/*!40101 SET @saved_cs_client     = @@character_set_client */;
/*!40101 SET character_set_client = utf8 */;
CREATE TABLE `device` (
  `id` bigint(20) NOT NULL AUTO_INCREMENT,
  `version` bigint(20) NOT NULL,
  `box_manufacturer_id` bigint(20) NOT NULL,
  `box_type_id` bigint(20) NOT NULL,
  `device_status` varchar(255) NOT NULL,
  `socvendor_id` bigint(20) NOT NULL,
  `stb_ip` varchar(255) NOT NULL,
  `stb_name` varchar(255) NOT NULL,
  `stb_port` varchar(255) NOT NULL,
  `gateway_ip` varchar(255) DEFAULT NULL,
  `recorder_id` varchar(255) DEFAULT NULL,
  `upload_binary_status` varchar(255) NOT NULL,
  `log_transfer_port` varchar(255) NOT NULL,
  `status_port` varchar(255) NOT NULL,
  `mac_id` varchar(255) DEFAULT NULL,
  `child_devices` varchar(255) DEFAULT NULL,
  `is_child` int(11) NOT NULL,
  `groups_id` bigint(20) DEFAULT NULL,
  `agent_monitor_port` varchar(255) NOT NULL,
  PRIMARY KEY (`id`),
  UNIQUE KEY `stb_name` (`stb_name`),
  KEY `FKB06B1E56D70E4BBC` (`box_manufacturer_id`),
  KEY `FKB06B1E5641CE91C` (`box_type_id`),
  KEY `FKB06B1E565DC65445` (`socvendor_id`),
  KEY `FKB06B1E56984B586A` (`groups_id`),
  CONSTRAINT `FKB06B1E5641CE91C` FOREIGN KEY (`box_type_id`) REFERENCES `box_type` (`id`),
  CONSTRAINT `FKB06B1E565DC65445` FOREIGN KEY (`socvendor_id`) REFERENCES `socvendor` (`id`),
  CONSTRAINT `FKB06B1E56984B586A` FOREIGN KEY (`groups_id`) REFERENCES `groups` (`id`),
  CONSTRAINT `FKB06B1E56D70E4BBC` FOREIGN KEY (`box_manufacturer_id`) REFERENCES `box_manufacturer` (`id`)
) ENGINE=InnoDB AUTO_INCREMENT=6581 DEFAULT CHARSET=latin1;
/*!40101 SET character_set_client = @saved_cs_client */;

--
-- Table structure for table `device_details`
--

DROP TABLE IF EXISTS `device_details`;
/*!40101 SET @saved_cs_client     = @@character_set_client */;
/*!40101 SET character_set_client = utf8 */;
CREATE TABLE `device_details` (
  `id` bigint(20) NOT NULL AUTO_INCREMENT,
  `version` bigint(20) NOT NULL,
  `device_id` bigint(20) NOT NULL,
  `device_parameter` varchar(255) NOT NULL,
  `device_value` longtext,
  PRIMARY KEY (`id`),
  KEY `FKD2D30159EC4FF12A` (`device_id`),
  CONSTRAINT `FKD2D30159EC4FF12A` FOREIGN KEY (`device_id`) REFERENCES `device` (`id`)
) ENGINE=InnoDB AUTO_INCREMENT=26129 DEFAULT CHARSET=latin1;
/*!40101 SET character_set_client = @saved_cs_client */;

--
-- Table structure for table `device_device`
--

DROP TABLE IF EXISTS `device_device`;
/*!40101 SET @saved_cs_client     = @@character_set_client */;
/*!40101 SET character_set_client = utf8 */;
CREATE TABLE `device_device` (
  `device_child_devices_id` bigint(20) DEFAULT NULL,
  `device_id` bigint(20) DEFAULT NULL,
  `child_devices_idx` int(11) DEFAULT NULL,
  KEY `FKABF7505FBC11ECEF` (`device_id`),
  CONSTRAINT `FKABF7505FBC11ECEF` FOREIGN KEY (`device_id`) REFERENCES `device` (`id`)
) ENGINE=InnoDB DEFAULT CHARSET=latin1;
/*!40101 SET character_set_client = @saved_cs_client */;


--
-- Table structure for table `device_group`
--

DROP TABLE IF EXISTS `device_group`;
/*!40101 SET @saved_cs_client     = @@character_set_client */;
/*!40101 SET character_set_client = utf8 */;
CREATE TABLE `device_group` (
  `id` bigint(20) NOT NULL AUTO_INCREMENT,
  `version` bigint(20) NOT NULL,
  `name` varchar(255) NOT NULL,
  `status` varchar(255) DEFAULT NULL,
  `groups_id` bigint(20) DEFAULT NULL,
  PRIMARY KEY (`id`),
  UNIQUE KEY `name` (`name`),
  KEY `FKDC71DF56984B586A` (`groups_id`),
  CONSTRAINT `FKDC71DF56984B586A` FOREIGN KEY (`groups_id`) REFERENCES `groups` (`id`)
) ENGINE=InnoDB AUTO_INCREMENT=4 DEFAULT CHARSET=latin1;
/*!40101 SET character_set_client = @saved_cs_client */;


--
-- Table structure for table `device_group_device`
--

DROP TABLE IF EXISTS `device_group_device`;
/*!40101 SET @saved_cs_client     = @@character_set_client */;
/*!40101 SET character_set_client = utf8 */;
CREATE TABLE `device_group_device` (
  `device_group_devices_id` bigint(20) DEFAULT NULL,
  `device_id` bigint(20) DEFAULT NULL,
  KEY `FKD0056F5FBC11ECEF` (`device_id`),
  KEY `FKD0056F5FE4F3C3A` (`device_group_devices_id`),
  CONSTRAINT `FKD0056F5FBC11ECEF` FOREIGN KEY (`device_id`) REFERENCES `device` (`id`),
  CONSTRAINT `FKD0056F5FE4F3C3A` FOREIGN KEY (`device_group_devices_id`) REFERENCES `device_group` (`id`)
) ENGINE=InnoDB DEFAULT CHARSET=latin1;
/*!40101 SET character_set_client = @saved_cs_client */;


--
-- Table structure for table `device_radio_stream`
--

DROP TABLE IF EXISTS `device_radio_stream`;
/*!40101 SET @saved_cs_client     = @@character_set_client */;
/*!40101 SET character_set_client = utf8 */;
CREATE TABLE `device_radio_stream` (
  `id` bigint(20) NOT NULL AUTO_INCREMENT,
  `version` bigint(20) NOT NULL,
  `device_id` bigint(20) NOT NULL,
  `ocap_id` varchar(255) NOT NULL,
  `stream_id` bigint(20) NOT NULL,
  PRIMARY KEY (`id`),
  KEY `FK81A39F8D3DFB26A5` (`stream_id`),
  KEY `FK81A39F8DEC4FF12A` (`device_id`),
  CONSTRAINT `FK81A39F8D3DFB26A5` FOREIGN KEY (`stream_id`) REFERENCES `radio_streaming_details` (`id`),
  CONSTRAINT `FK81A39F8DEC4FF12A` FOREIGN KEY (`device_id`) REFERENCES `device` (`id`)
) ENGINE=InnoDB AUTO_INCREMENT=149 DEFAULT CHARSET=latin1;
/*!40101 SET character_set_client = @saved_cs_client */;


--
-- Table structure for table `device_stream`
--

DROP TABLE IF EXISTS `device_stream`;
/*!40101 SET @saved_cs_client     = @@character_set_client */;
/*!40101 SET character_set_client = utf8 */;
CREATE TABLE `device_stream` (
  `id` bigint(20) NOT NULL AUTO_INCREMENT,
  `version` bigint(20) NOT NULL,
  `device_id` bigint(20) NOT NULL,
  `ocap_id` varchar(255) NOT NULL,
  `stream_id` bigint(20) NOT NULL,
  PRIMARY KEY (`id`),
  KEY `FKC66181895BBC466F` (`stream_id`),
  KEY `FKC6618189BC11ECEF` (`device_id`),
  CONSTRAINT `FKC66181895BBC466F` FOREIGN KEY (`stream_id`) REFERENCES `streaming_details` (`id`),
  CONSTRAINT `FKC6618189BC11ECEF` FOREIGN KEY (`device_id`) REFERENCES `device` (`id`)
) ENGINE=InnoDB AUTO_INCREMENT=1897 DEFAULT CHARSET=latin1;
/*!40101 SET character_set_client = @saved_cs_client */;


--
-- Table structure for table `execute_method_result`
--

DROP TABLE IF EXISTS `execute_method_result`;
/*!40101 SET @saved_cs_client     = @@character_set_client */;
/*!40101 SET character_set_client = utf8 */;
CREATE TABLE `execute_method_result` (
  `id` bigint(20) NOT NULL AUTO_INCREMENT,
  `version` bigint(20) NOT NULL,
  `actual_result` varchar(255) DEFAULT NULL,
  `execution_result_id` bigint(20) NOT NULL,
  `expected_result` varchar(255) DEFAULT NULL,
  `function_name` varchar(255) DEFAULT NULL,
  `status` varchar(255) DEFAULT NULL,
  PRIMARY KEY (`id`),
  KEY `FKA1287DF19FCEDC3B` (`execution_result_id`),
  CONSTRAINT `FKA1287DF19FCEDC3B` FOREIGN KEY (`execution_result_id`) REFERENCES `execution_result` (`id`)
) ENGINE=InnoDB AUTO_INCREMENT=471205 DEFAULT CHARSET=latin1;
/*!40101 SET character_set_client = @saved_cs_client */;


--
-- Table structure for table `execution`
--

DROP TABLE IF EXISTS `execution`;
/*!40101 SET @saved_cs_client     = @@character_set_client */;
/*!40101 SET character_set_client = utf8 */;
CREATE TABLE `execution` (
  `id` bigint(20) NOT NULL AUTO_INCREMENT,
  `version` bigint(20) NOT NULL,
  `date_of_execution` datetime DEFAULT NULL,
  `device` varchar(255) DEFAULT NULL,
  `device_group` varchar(255) DEFAULT NULL,
  `execution_time` varchar(255) DEFAULT NULL,
  `is_marked` int(11) NOT NULL,
  `name` varchar(255) NOT NULL,
  `output_data` longtext,
  `result` varchar(255) DEFAULT NULL,
  `script` varchar(255) DEFAULT NULL,
  `script_group` varchar(255) DEFAULT NULL,
  `groups_id` bigint(20) DEFAULT NULL,
  `is_performance_done` bit(1) NOT NULL,
  `execution_status` varchar(255) DEFAULT NULL,
  `is_aborted` bit(1) NOT NULL,
  `application_url` varchar(255) DEFAULT NULL,
  `is_bench_mark_enabled` bit(1) NOT NULL,
  `is_rerun_required` bit(1) NOT NULL,
  `is_system_diagnostics_enabled` bit(1) NOT NULL,
  `third_party_execution_details_id` bigint(20) DEFAULT NULL,
  `script_count` int(11) NOT NULL,
  PRIMARY KEY (`id`),
  UNIQUE KEY `name` (`name`),
  KEY `FKBEF90B18984B586A` (`groups_id`),
  KEY `FKBEF90B18D2187869` (`third_party_execution_details_id`),
  CONSTRAINT `FKBEF90B18984B586A` FOREIGN KEY (`groups_id`) REFERENCES `groups` (`id`),
  CONSTRAINT `FKBEF90B18D2187869` FOREIGN KEY (`third_party_execution_details_id`) REFERENCES `third_party_execution_details` (`id`)
) ENGINE=InnoDB AUTO_INCREMENT=9562 DEFAULT CHARSET=latin1;
/*!40101 SET character_set_client = @saved_cs_client */;


--
-- Table structure for table `execution_device`
--

DROP TABLE IF EXISTS `execution_device`;
/*!40101 SET @saved_cs_client     = @@character_set_client */;
/*!40101 SET character_set_client = utf8 */;
CREATE TABLE `execution_device` (
  `id` bigint(20) NOT NULL AUTO_INCREMENT,
  `version` bigint(20) NOT NULL,
  `date_of_execution` datetime DEFAULT NULL,
  `device` varchar(255) NOT NULL,
  `device_ip` varchar(255) NOT NULL,
  `execution_id` bigint(20) NOT NULL,
  `execution_time` varchar(255) DEFAULT NULL,
  `status` varchar(255) NOT NULL,
  PRIMARY KEY (`id`),
  KEY `FKE2CBE55D8358C58A` (`execution_id`),
  CONSTRAINT `FKE2CBE55D8358C58A` FOREIGN KEY (`execution_id`) REFERENCES `execution` (`id`)
) ENGINE=InnoDB AUTO_INCREMENT=9393 DEFAULT CHARSET=latin1;
/*!40101 SET character_set_client = @saved_cs_client */;


--
-- Table structure for table `execution_result`
--

DROP TABLE IF EXISTS `execution_result`;
/*!40101 SET @saved_cs_client     = @@character_set_client */;
/*!40101 SET character_set_client = utf8 */;
CREATE TABLE `execution_result` (
  `id` bigint(20) NOT NULL AUTO_INCREMENT,
  `version` bigint(20) NOT NULL,
  `device` varchar(255) NOT NULL,
  `execution_id` bigint(20) NOT NULL,
  `execution_device_id` bigint(20) NOT NULL,
  `execution_output` longtext,
  `script` varchar(255) NOT NULL,
  `status` varchar(255) DEFAULT NULL,
  `exec_device_id` bigint(20) DEFAULT NULL,
  `device_id_string` varchar(255) DEFAULT NULL,
  `date_of_execution` datetime DEFAULT NULL,
  `execution_time` varchar(255) DEFAULT NULL,
  PRIMARY KEY (`id`),
  KEY `FKFAAE8F24F5E1059B` (`execution_device_id`),
  KEY `FKFAAE8F248358C58A` (`execution_id`),
  KEY `FKFAAE8F241B03E2FC` (`exec_device_id`),
  CONSTRAINT `FKFAAE8F241B03E2FC` FOREIGN KEY (`exec_device_id`) REFERENCES `device` (`id`),
  CONSTRAINT `FKFAAE8F248358C58A` FOREIGN KEY (`execution_id`) REFERENCES `execution` (`id`),
  CONSTRAINT `FKFAAE8F24F5E1059B` FOREIGN KEY (`execution_device_id`) REFERENCES `execution_device` (`id`)
) ENGINE=InnoDB AUTO_INCREMENT=72343 DEFAULT CHARSET=latin1;
/*!40101 SET character_set_client = @saved_cs_client */;


--
-- Table structure for table `function`
--

DROP TABLE IF EXISTS `function`;
/*!40101 SET @saved_cs_client     = @@character_set_client */;
/*!40101 SET character_set_client = utf8 */;
CREATE TABLE `function` (
  `id` bigint(20) NOT NULL AUTO_INCREMENT,
  `version` bigint(20) NOT NULL,
  `module_id` bigint(20) NOT NULL,
  `name` varchar(255) NOT NULL,
  PRIMARY KEY (`id`),
  KEY `FK524F73D86DEEED2F` (`module_id`),
  CONSTRAINT `FK524F73D86DEEED2F` FOREIGN KEY (`module_id`) REFERENCES `module` (`id`)
) ENGINE=InnoDB AUTO_INCREMENT=541 DEFAULT CHARSET=latin1;
/*!40101 SET character_set_client = @saved_cs_client */;

--
-- Dumping data for table `function`
--

LOCK TABLES `function` WRITE;
/*!40000 ALTER TABLE `function` DISABLE KEYS */;
INSERT INTO `function` VALUES (18,0,8,'TestMgr_IARMBUS_Init'),(19,0,8,'TestMgr_IARMBUS_Connect'),(20,0,8,'TestMgr_IARMBUS_Disconnect'),(21,0,8,'TestMgr_IARMBUS_Term'),(22,0,8,'TestMgr_IARMBUS_BusCall'),(24,0,8,'TestMgr_IARMBUS_RegisterCall'),(25,0,8,'TestMgr_IARMBUS_RequestResource'),(26,0,8,'TestMgr_IARMBUS_ReleaseResource'),(29,0,8,'TestMgr_IARMBUS_BroadcastEvent'),(30,0,8,'TestMgr_IARMBUS_InvokeSecondApplication'),(31,0,8,'TestMgr_IARMBUS_RegisterEventHandler'),(32,0,8,'TestMgr_IARMBUS_UnRegisterEventHandler'),(37,0,8,'TestMgr_IARMBUS_IsConnected'),(38,0,8,'TestMgr_IARMBUS_RegisterEvent'),(40,0,8,'TestMgr_IARMBUS_GetContext'),(41,0,8,'TestMgr_IARMBUS_GetLastReceivedEventDetails'),(74,0,24,'TestMgr_Opensource_Test_Execute'),(75,0,25,'TestMgr_DS_FP_setColor'),(76,0,25,'TestMgr_DS_managerInitialize'),(77,0,25,'TestMgr_DS_managerDeinitialize'),(78,0,25,'TestMgr_DS_FP_setBrightness'),(79,0,25,'TestMgr_DS_FP_setBlink'),(80,0,25,'TestMgr_DS_FP_setScroll'),(81,0,25,'TestMgr_DS_AOP_setLevel'),(82,0,25,'TestMgr_DS_AOP_setDB'),(83,0,25,'TestMgr_DS_VD_setDFC'),(84,0,25,'TestMgr_DS_AOP_setEncoding'),(85,0,25,'TestMgr_DS_AOP_setCompression'),(86,0,25,'TestMgr_DS_AOP_setStereoMode'),(87,0,25,'TestMgr_DS_HOST_setPowerMode'),(88,0,25,'TestMgr_DS_VOP_setResolution'),(89,0,25,'TestMgr_DS_FP_getIndicators'),(90,0,25,'TestMgr_DS_FP_FP_getSupportedColors'),(91,0,25,'TestMgr_DS_FP_getTextDisplays'),(92,0,25,'TestMgr_DS_FP_setText'),(93,0,25,'TestMgr_DS_FP_setTimeForamt'),(94,0,25,'TestMgr_DS_FP_setTime'),(95,0,25,'TestMgr_DS_AOP_loopThru'),(96,0,25,'TestMgr_DS_AOP_mutedStatus'),(97,0,25,'TestMgr_DS_AOP_getSupportedEncodings'),(98,0,25,'TestMgr_DS_AOP_getSupportedCompressions'),(99,0,25,'TestMgr_DS_AOP_getSupportedStereoModes'),(100,0,25,'TestMgr_DS_HOST_addPowerModeListener'),(101,0,25,'TestMgr_DS_HOST_removePowerModeListener'),(102,0,25,'TestMgr_DS_HOST_Resolutions'),(103,0,25,'TestMgr_DS_VOPTYPE_HDCPSupport'),(104,0,25,'TestMgr_DS_VOPTYPE_DTCPSupport'),(105,0,25,'TestMgr_DS_VOP_getAspectRatio'),(106,0,25,'TestMgr_DS_VOP_getDisplayDetails'),(107,0,25,'TestMgr_DS_VOPTYPE_isDynamicResolutionSupported'),(108,0,22,'TestMgr_MediaStreamer_LiveTune_Request'),(110,0,22,'TestMgr_MediaStreamer_Recorded_Urls'),(111,0,22,'TestMgr_MediaStreamer_Recorded_Metadata'),(112,0,22,'TestMgr_MediaStreamer_Live_Playback'),(113,0,22,'TestMgr_MediaStreamer_Recording_Playback'),(115,0,22,'TestMgr_MediaStreamer_DVR_Trickplay'),(117,0,25,'TestMgr_DS_VOP_isContentProtected'),(118,0,25,'TestMgr_DS_VOP_isDisplayConnected'),(122,0,25,'TestMgr_DS_HOST_addDisplayConnectionListener'),(123,0,25,'TestMgr_DS_HOST_removeDisplayConnectionListener'),(124,0,27,'TestMgr_SM_RegisterService'),(125,0,27,'TestMgr_SM_UnRegisterService'),(126,0,27,'TestMgr_SM_DoesServiceExist'),(128,0,22,'TestMgr_MediaStreamer_Recording_Request'),(129,0,27,'TestMgr_SM_GetRegisteredServices'),(142,0,39,'TestMgr_rmfapp_Test_Execute'),(149,0,27,'TestMgr_SM_GetGlobalService'),(150,0,27,'TestMgr_SM_HN_EnableMDVR'),(151,0,27,'TestMgr_SM_HN_EnableVPOP'),(152,0,27,'TestMgr_SM_HN_SetDeviceName'),(153,0,27,'TestMgr_SM_SetAPIVersion'),(154,0,27,'TestMgr_SM_RegisterForEvents'),(156,0,27,'TestMgr_SM_DisplaySetting_SetZoomSettings'),(157,0,27,'TestMgr_SM_DisplaySetting_SetCurrentResolution'),(158,0,35,'TestMgr_CC_Init'),(164,0,35,'TestMgr_CC_SetGetDigitalChannel'),(166,0,35,'TestMgr_CC_SetGetAnalogChannel'),(167,0,35,'TestMgr_CC_Show'),(168,0,35,'TestMgr_CC_Hide'),(173,0,35,'TestMgr_CC_SetGetAttribute'),(174,0,35,'TestMgr_CC_GetSupportedServiceNumberCount'),(175,0,35,'TestMgr_CC_GetSupportedServiceNumber'),(177,0,35,'TestMgr_CC_SetGetState'),(179,0,35,'TestMgr_CC_OnEasStart'),(180,0,35,'TestMgr_CC_OnEasStop'),(181,0,35,'TestMgr_CC_ResetTrickPlayStatus'),(182,0,35,'TestMgr_CC_SetTrickPlayStatus'),(201,0,44,'TestMgr_MPSink_SetGetMute'),(202,0,44,'TestMgr_MPSink_SetGetVolume'),(207,0,44,'TestMgr_HNSrc_GetBufferedRanges'),(208,0,44,'TestMgr_HNSrc_GetState'),(211,0,44,'TestMgr_HNSrcMPSink_Video_Pause'),(212,0,44,'TestMgr_MPSink_InitTerm'),(216,0,44,'TestMgr_HNSrcMPSink_Video_Speed'),(223,0,44,'TestMgr_HNSrcMPSink_Video_Play'),(224,0,44,'TestMgr_HNSrcMPSink_Video_State'),(227,0,44,'TestMgr_HNSrcMPSink_Video_Skip_Backward'),(230,0,44,'TestMgr_HNSrcMPSink_Video_Volume'),(231,0,44,'TestMgr_HNSrcMPSink_Video_Play_Position'),(232,0,44,'TestMgr_HNSrcMPSink_Video_MuteUnmute'),(270,0,44,'TestMgr_DVRSink_init_term'),(277,0,51,'TestMgr_RDKLogger_Dbg_Enabled_Status'),(278,0,51,'TestMgr_RDKLogger_EnvGet'),(279,0,51,'TestMgr_RDKLogger_EnvGetNum'),(280,0,51,'TestMgr_RDKLogger_EnvGetValueFromNum'),(281,0,51,'TestMgr_RDKLogger_EnvGetModFromNum'),(282,0,51,'TestMgr_RDKLogger_Init'),(283,0,51,'TestMgr_RDKLogger_Log'),(285,0,44,'TestMgr_QAMSource_Play'),(292,0,44,'TestMgr_QAMSource_InitTerm'),(293,0,44,'TestMgr_QAMSource_OpenClose'),(294,0,44,'TestMgr_QAMSource_Pause'),(295,0,44,' TestMgr_QAMSource_GetTsId'),(296,0,44,'TestMgr_QAMSource_GetLtsId'),(297,0,44,'TestMgr_QAMSource_GetQAMSourceInstance'),(298,0,44,'TestMgr_QAMSource_Init_Uninit_Platform'),(299,0,44,'TestMgr_QAMSource_GetUseFactoryMethods'),(300,0,44,'TestMgr_QAMSource_Get_Free_LowLevelElement'),(301,0,44,'TestMgr_QAMSource_ChangeURI'),(302,0,44,'TestMgr_DVRManager_GetSpace'),(303,0,44,'TestMgr_DVRManager_GetRecordingCount'),(304,0,44,'TestMgr_DVRManager_GetRecordingInfoByIndex'),(305,0,44,'TestMgr_DVRManager_GetRecordingInfoById'),(306,0,44,'TestMgr_DVRManager_GetIsRecordingInProgress'),(307,0,44,'TestMgr_DVRManager_GetRecordingSize'),(308,0,44,'TestMgr_DVRManager_GetRecordingDuration'),(309,0,44,'TestMgr_DVRManager_GetRecordingStartTime'),(310,0,44,'TestMgr_DVRManager_GetDefaultTSBMaxDuration'),(311,0,44,'TestMgr_DVRManager_CreateTSB'),(312,0,44,'TestMgr_DVRManager_CreateRecording'),(313,0,44,'TestMgr_DVRManager_UpdateRecording'),(314,0,44,'TestMgr_DVRManager_DeleteRecording'),(315,0,44,'TestMgr_DVRManager_GetSegmentsCount'),(316,0,44,'TestMgr_DVRManager_ConvertTSBToRecording'),(317,0,44,'TestMgr_DVRManager_GetRecordingSegmentInfoByIndex'),(350,0,22,'TestMgr_RMFStreamer_InterfaceTesting'),(351,0,22,'TestMgr_RMFStreamer_Player'),(353,0,44,'TestMgr_DVR_Rec_List'),(354,0,44,'TestMgr_RmfElementCreateInstance'),(355,0,44,'TestMgr_RmfElementInit'),(356,0,44,'TestMgr_RmfElementTerm'),(357,0,44,'TestMgr_RmfElementOpen'),(358,0,44,'TestMgr_RmfElementClose'),(359,0,44,'TestMgr_RmfElementRemoveInstance'),(360,0,44,'TestMgr_RmfElementPlay'),(361,0,44,'TestMgr_RmfElement_Sink_SetSource'),(362,0,44,'TestMgr_RmfElement_MpSink_SetVideoRectangle'),(363,0,44,'TestMgr_RmfElementSetSpeed'),(364,0,44,'TestMgr_RmfElementGetSpeed'),(365,0,44,'TestMgr_RmfElementGetMediaTime'),(366,0,44,'TestMgr_RmfElementGetState'),(367,0,44,'TestMgr_RmfElementPause'),(368,0,44,'TestMgr_RmfElementSetMediaTime'),(369,0,44,'TestMgr_RmfElementGetMediaInfo'),(371,0,58,'TestMgr_Recorder_ScheduleRecording'),(372,0,58,'TestMgr_Recorder_checkRecording_status'),(373,0,44,'TestMgr_DVRManager_CheckRecordingInfoById'),(374,0,44,'TestMgr_DVRManager_CheckRecordingInfoByIndex'),(375,0,59,'TestMgr_HybridE2E_T2pTuning'),(376,0,59,'TestMgr_HybridE2E_T2pTrickMode'),(378,0,59,'TestMgr_E2EStub_PlayURL'),(379,0,59,'TestMgr_E2EStub_GetRecURLS'),(380,0,59,'TestMgr_E2ELinearTV_GetURL'),(381,0,59,'TestMgr_E2ELinearTV_PlayURL'),(382,0,59,'TestMgr_Dvr_Play_Pause'),(383,0,59,'TestMgr_Dvr_Play_TrickPlay_FF_FR'),(384,0,59,'TestMgr_LinearTv_Dvr_Play'),(385,0,59,'TestMgr_Dvr_Play_TrickPlay_RewindFromEndPoint'),(386,0,59,'TestMgr_Dvr_Pause_Play'),(387,0,59,'TestMgr_Dvr_Play_Pause_Play'),(388,0,59,'TestMgr_Dvr_Play_Pause_Play_Repeat'),(389,0,59,'TestMgr_Dvr_Skip_Forward_Play'),(390,0,59,'TestMgr_Dvr_Skip_Forward_From_Middle'),(391,0,59,'TestMgr_Dvr_Skip_Forward_From_End'),(392,0,59,'TestMgr_Dvr_Skip_Backward_From_End'),(393,0,59,'TestMgr_Dvr_Skip_Backward_From_Middle'),(394,0,59,'TestMgr_Dvr_Skip_Backward_From_Starting'),(395,0,59,'TestMgr_Dvr_Play_Rewind_Forward'),(396,0,59,'TestMgr_Dvr_Play_Forward_Rewind'),(397,0,59,'TestMgr_Dvr_Play_FF_FR_Pause_Play'),(398,0,59,'TestMgr_Dvr_Play_Pause_FF_FR'),(399,0,59,'TestMgr_Dvr_Play_Pause_Play_SF_SB'),(400,0,59,'TestMgr_Dvr_Play_FF_FR_SF_SB'),(401,0,59,'TestMgr_Dvr_Play_Pause_Pause'),(402,0,59,'TestMgr_Dvr_Play_Play'),(403,0,59,'TestMgr_LiveTune_GETURL'),(404,0,59,'TestMgr_RF_Video_ChannelChange'),(405,0,44,'TestMgr_RmfElement_DVRManagerCreateRecording'),(407,0,44,'TestMgr_RmfElement_QAMSrc_RmfPlatform_Init'),(408,0,44,'TestMgr_RmfElement_QAMSrc_RmfPlatform_Uninit'),(409,0,44,'TestMgr_RmfElement_QAMSrc_InitPlatform'),(410,0,44,'TestMgr_RmfElement_QAMSrc_UninitPlatform'),(412,0,44,'TestMgr_RmfElement_QAMSrc_GetTSID'),(413,0,44,'TestMgr_RmfElement_QAMSrc_GetLTSID'),(414,0,44,'TestMgr_RmfElement_QAMSrc_GetLowLevelElement'),(415,0,44,'TestMgr_RmfElement_QAMSrc_FreeLowLevelElement'),(416,0,44,'TestMgr_RmfElement_QAMSrc_ChangeURI'),(417,0,44,'TestMgr_RmfElement_QAMSrc_UseFactoryMethods'),(418,0,44,'TestMgr_RmfElement_HNSink_InitPlatform'),(419,0,44,'TestMgr_RmfElement_HNSink_UninitPlatform'),(420,0,44,'TestMgr_RmfElement_HNSink_SetProperties'),(421,0,44,'TestMgr_RmfElement_HNSink_SetSourceType'),(422,0,59,'TestMgr_TSB_Play'),(424,0,39,'TestMgr_CreateRecord'),(425,0,59,'TestMgr_MDVR_Record_Play'),(426,0,59,'TestMgr_MDVR_GetResult'),(427,0,60,'TestMgr_GetParameterValue'),(429,0,51,'TestMgr_RDKLogger_Log_All'),(431,0,51,'TestMgr_RDKLogger_Log_InverseTrace'),(432,0,51,'TestMgr_RDKLogger_Log_Msg'),(433,0,51,'TestMgr_RDKLogger_Log_None'),(434,0,51,'TestMgr_RDKLogger_Log_Trace'),(437,0,51,'TestMgr_RDKLogger_CheckMPELogEnabled'),(438,0,60,'TestMgr_VerifyParameterValue'),(440,0,51,'TestMgr_RDKLogger_SetLogLevel'),(441,0,51,'TestMgr_RDKLogger_GetLogLevel'),(442,0,44,'TestMgr_HNSrc_GetBufferedRanges'),(443,0,61,'TestMgr_Aesdecrypt_DecryptEnable_Prop'),(445,0,62,'TestMgr_TRM_GetAllTunerStates'),(446,0,62,'TestMgr_TRM_GetAllTunerIds'),(447,0,62,'TestMgr_TRM_GetAllReservations'),(448,0,62,'TestMgr_TRM_GetVersion'),(449,0,61,'TestMgr_Aesdecrypt_DecryptEnable_Get_Prop'),(450,0,61,'TestMgr_Aesencrypt_EncryptEnable_Set_Prop'),(453,0,61,'TestMgr_Aesencrypt_EncryptEnable_Get_Prop'),(454,0,61,'TestMgr_Dvrsrc_RecordId_Set_Prop'),(455,0,61,'TestMgr_Dvrsrc_RecordId_Get_Prop'),(456,0,61,'TestMgr_Dvrsrc_SegmentName_Set_Prop'),(457,0,61,'TestMgr_Dvrsrc_SegmentName_Get_Prop'),(458,0,61,'TestMgr_Dvrsrc_Ccivalue_Get_Prop'),(459,0,61,'TestMgr_Dvrsrc_Rate_Set_Prop'),(460,0,62,'TestMgr_TRM_TunerReserveForRecord'),(461,0,62,'TestMgr_TRM_TunerReserveForLive'),(462,0,61,'TestMgr_Dvrsrc_Rate_Get_Prop'),(463,0,61,'TestMgr_Dvrsrc_StartTime_Get_Prop'),(464,0,61,'TestMgr_Dvrsrc_Duration_Get_Prop'),(465,0,61,'TestMgr_Dvrsrc_PlayStartPosition_Set_Prop'),(466,0,61,'TestMgr_Dvrsrc_PlayStartPosition_Get_Prop'),(467,0,61,'TestMgr_Dvrsink_RecordId_Set_Prop'),(468,0,61,'TestMgr_Dvrsink_RecordId_Get_Prop'),(469,0,61,'TestMgr_Dvrsink_Ccivalue_Get_Prop'),(470,0,61,'TestMgr_Dvrsrc_RecordId_Get_Prop'),(471,0,61,'TestMgr_Dvrsrc_SegmentName_Set_Prop'),(472,0,61,'TestMgr_Dvrsrc_SegmentName_Set_Prop'),(474,0,62,'TestMgr_TRM_ReleaseTunerReservation'),(475,0,62,'TestMgr_TRM_ValidateTunerReservation'),(476,0,62,'TestMgr_TRM_CancelRecording'),(477,0,62,'TestMgr_TRM_CancelLive'),(481,0,27,'TestMgr_SM_DeviceSetting_GetDeviceInfo'),(482,0,27,'TestMgr_SM_ScreenCapture_Upload'),(483,0,27,'TestMgr_SM_WebSocket_GetUrl'),(484,0,27,'TestMgr_SM_WebSocket_GetReadyState'),(485,0,27,'TestMgr_SM_WebSocket_GetBufferedAmount'),(486,0,27,'TestMgr_SM_WebSocket_GetProtocol'),(487,0,27,'TestMgr_SM_GetSetting'),(488,0,27,'TestMgr_SM_CreateService'),(489,0,27,'TestMgr_Services_GetName'),(490,0,44,'TestMgr_RmfElement_CheckForSPTSRead_QAMSrc_Error'),(491,0,25,'TestMgr_DS_FP_setState'),(492,0,25,'TestMgr_DS_VOP_setEnable'),(495,0,44,'TestMgr_CheckAudioVideoStatus'),(506,0,44,'TestMgr_CheckRmfStreamerCrash'),(507,0,44,'TestMgr_ClearLogFile'),(508,0,44,'TestMgr_DVR_CreateNewRecording'),(509,0,62,'TestMgr_TRM_ReleaseTunerReservation'),(510,0,44,'TestMgr_CommentScirptForQam'),(511,0,44,'TestMgr_UnCommentScirptForQam'),(513,0,64,'TestMgr_DTCP_Test_Execute'),(514,0,44,'TestMgr_RmfElement_MpSink_GetVideoDecoderHandle'),(515,0,35,'TestMgr_CC_UnInit'),(533,0,65,'TestMgr_XUPNP_ReadXDiscOutputFile'),(534,0,65,'TestMgr_XUPNP_GetUpnpResult'),(535,0,65,'TestMgr_XUPNP_ModifyBasicDeviceXml'),(536,0,65,'TestMgr_XUPNP_CheckXMLRestoration'),(537,0,65,'TestMgr_XUPNP_ReadXcalDeviceLogFile'),(538,0,65,'TestMgr_XUPNP_BroadcastEvent'),(540,0,65,'TestMgr_XUPNP_CheckXDiscOutputFile');
/*!40000 ALTER TABLE `function` ENABLE KEYS */;
UNLOCK TABLES;

--
-- Table structure for table `groups`
--

DROP TABLE IF EXISTS `groups`;
/*!40101 SET @saved_cs_client     = @@character_set_client */;
/*!40101 SET character_set_client = utf8 */;
CREATE TABLE `groups` (
  `id` bigint(20) NOT NULL AUTO_INCREMENT,
  `version` bigint(20) NOT NULL,
  `name` varchar(255) NOT NULL,
  PRIMARY KEY (`id`),
  UNIQUE KEY `name` (`name`)
) ENGINE=InnoDB AUTO_INCREMENT=5 DEFAULT CHARSET=latin1;
/*!40101 SET character_set_client = @saved_cs_client */;

--
-- Dumping data for table `groups`
--

LOCK TABLES `groups` WRITE;
/*!40000 ALTER TABLE `groups` DISABLE KEYS */;
INSERT INTO `groups` VALUES (1,0,'RDK LLC'),(2,0,'Time Warner'),(3,0,'Comcast'),(4,0,'Tata Elxsi');
/*!40000 ALTER TABLE `groups` ENABLE KEYS */;
UNLOCK TABLES;

--
-- Table structure for table `job_details`
--

DROP TABLE IF EXISTS `job_details`;
/*!40101 SET @saved_cs_client     = @@character_set_client */;
/*!40101 SET character_set_client = utf8 */;
CREATE TABLE `job_details` (
  `id` bigint(20) NOT NULL AUTO_INCREMENT,
  `version` bigint(20) NOT NULL,
  `app_url` varchar(255) NOT NULL,
  `device` varchar(255) DEFAULT NULL,
  `device_group` varchar(255) DEFAULT NULL,
  `file_path` varchar(255) NOT NULL,
  `job_name` varchar(255) NOT NULL,
  `real_path` varchar(255) NOT NULL,
  `schedule_type` varchar(255) DEFAULT NULL,
  `script_group` varchar(255) DEFAULT NULL,
  `trigger_name` varchar(255) NOT NULL,
  `end_date` datetime DEFAULT NULL,
  `one_time_schedule_date` datetime DEFAULT NULL,
  `query_string` varchar(255) DEFAULT NULL,
  `start_date` datetime DEFAULT NULL,
  `groups_id` bigint(20) DEFAULT NULL,
  `is_bench_mark` varchar(255) DEFAULT NULL,
  `is_system_diagnostics` varchar(255) DEFAULT NULL,
  `repeat_count` int(11) NOT NULL,
  `rerun` varchar(255) DEFAULT NULL,
  PRIMARY KEY (`id`),
  KEY `FK3E2527C0984B586A` (`groups_id`),
  CONSTRAINT `FK3E2527C0984B586A` FOREIGN KEY (`groups_id`) REFERENCES `groups` (`id`)
) ENGINE=InnoDB AUTO_INCREMENT=52 DEFAULT CHARSET=latin1;
/*!40101 SET character_set_client = @saved_cs_client */;


--
-- Table structure for table `job_details_script`
--

DROP TABLE IF EXISTS `job_details_script`;
/*!40101 SET @saved_cs_client     = @@character_set_client */;
/*!40101 SET character_set_client = utf8 */;
CREATE TABLE `job_details_script` (
  `job_details_id` bigint(20) DEFAULT NULL,
  `script_string` varchar(255) DEFAULT NULL,
  `script_idx` int(11) DEFAULT NULL
) ENGINE=InnoDB DEFAULT CHARSET=latin1;
/*!40101 SET character_set_client = @saved_cs_client */;


--
-- Table structure for table `module`
--

DROP TABLE IF EXISTS `module`;
/*!40101 SET @saved_cs_client     = @@character_set_client */;
/*!40101 SET character_set_client = utf8 */;
CREATE TABLE `module` (
  `id` bigint(20) NOT NULL AUTO_INCREMENT,
  `version` bigint(20) NOT NULL,
  `name` varchar(255) NOT NULL,
  `rdk_version` varchar(255) NOT NULL,
  `test_group` varchar(255) NOT NULL,
  `groups_id` bigint(20) DEFAULT NULL,
  `execution_time` int(11) NOT NULL,
  PRIMARY KEY (`id`),
  UNIQUE KEY `name` (`name`),
  KEY `FKC04BA66C984B586A` (`groups_id`),
  CONSTRAINT `FKC04BA66C984B586A` FOREIGN KEY (`groups_id`) REFERENCES `groups` (`id`)
) ENGINE=InnoDB AUTO_INCREMENT=67 DEFAULT CHARSET=latin1;
/*!40101 SET character_set_client = @saved_cs_client */;

--
-- Dumping data for table `module`
--

LOCK TABLES `module` WRITE;
/*!40000 ALTER TABLE `module` DISABLE KEYS */;
INSERT INTO `module` VALUES (8,8,'iarmbus','1.2','Component',NULL,3),(22,4,'mediastreamer','1.2','Component',NULL,3),(24,2,'openSource_components','1.2','OpenSource',NULL,60),(25,5,'devicesettings','1.2','Component',NULL,3),(27,2,'servicemanager','1.3','Component',NULL,2),(35,2,'closedcaption','1.2','Component',NULL,1),(39,2,'rmfapp','2.0','E2E',NULL,5),(44,3,'mediaframework','2.0','Component',NULL,3),(51,2,'rdk_logger','2.0','Component',NULL,5),(58,2,'recorder','2.0','Component',NULL,10),(59,3,'tdk_integration','1.3','E2E',NULL,5),(60,1,'tr69','1','Component',NULL,5),(61,1,'gst-plugins-rdk','1','Component',NULL,5),(62,1,'trm','1','Component',NULL,10),(64,1,'dtcp','1','Component',NULL,5),(65,1,'xupnp','1','Component',NULL,7);
/*!40000 ALTER TABLE `module` ENABLE KEYS */;
UNLOCK TABLES;

--
-- Table structure for table `module_log_file_names`
--

DROP TABLE IF EXISTS `module_log_file_names`;
/*!40101 SET @saved_cs_client     = @@character_set_client */;
/*!40101 SET character_set_client = utf8 */;
CREATE TABLE `module_log_file_names` (
  `module_id` bigint(20) DEFAULT NULL,
  `log_file_names_string` varchar(255) DEFAULT NULL,
  KEY `FKE56384D39E2CF16A` (`module_id`),
  CONSTRAINT `FKE56384D39E2CF16A` FOREIGN KEY (`module_id`) REFERENCES `module` (`id`)
) ENGINE=InnoDB DEFAULT CHARSET=latin1;
/*!40101 SET character_set_client = @saved_cs_client */;

--
-- Dumping data for table `module_log_file_names`
--

LOCK TABLES `module_log_file_names` WRITE;
/*!40000 ALTER TABLE `module_log_file_names` DISABLE KEYS */;
INSERT INTO `module_log_file_names` VALUES (8,'/opt/logs/uimgr_log.txt'),(22,'/opt/logs/ocapri_log.txt'),(59,'/opt/logs/ocapri_log.txt'),(25,'/opt/logs/uimgr_log.txt'),(58,'/opt/logs/ocapri_log.txt');
/*!40000 ALTER TABLE `module_log_file_names` ENABLE KEYS */;
UNLOCK TABLES;

--
-- Table structure for table `parameter`
--

DROP TABLE IF EXISTS `parameter`;
/*!40101 SET @saved_cs_client     = @@character_set_client */;
/*!40101 SET character_set_client = utf8 */;
CREATE TABLE `parameter` (
  `id` bigint(20) NOT NULL AUTO_INCREMENT,
  `version` bigint(20) NOT NULL,
  `parameter_type_id` bigint(20) NOT NULL,
  `primitive_test_id` bigint(20) DEFAULT NULL,
  `value` varchar(255) NOT NULL,
  PRIMARY KEY (`id`),
  KEY `FK747EB3A9C5F1CB98` (`parameter_type_id`),
  KEY `FK747EB3A967097214` (`primitive_test_id`),
  CONSTRAINT `FK747EB3A967097214` FOREIGN KEY (`primitive_test_id`) REFERENCES `primitive_test` (`id`),
  CONSTRAINT `FK747EB3A9C5F1CB98` FOREIGN KEY (`parameter_type_id`) REFERENCES `parameter_type` (`id`)
) ENGINE=InnoDB DEFAULT CHARSET=latin1;
/*!40101 SET character_set_client = @saved_cs_client */;


--
-- Table structure for table `parameter_type`
--

DROP TABLE IF EXISTS `parameter_type`;
/*!40101 SET @saved_cs_client     = @@character_set_client */;
/*!40101 SET character_set_client = utf8 */;
CREATE TABLE `parameter_type` (
  `id` bigint(20) NOT NULL AUTO_INCREMENT,
  `version` bigint(20) NOT NULL,
  `function_id` bigint(20) NOT NULL,
  `name` varchar(255) NOT NULL,
  `parameter_type_enum` varchar(255) NOT NULL,
  `range_val` varchar(255) NOT NULL,
  PRIMARY KEY (`id`),
  KEY `FK438D7610F773FC6F` (`function_id`),
  CONSTRAINT `FK438D7610F773FC6F` FOREIGN KEY (`function_id`) REFERENCES `function` (`id`)
) ENGINE=InnoDB AUTO_INCREMENT=801 DEFAULT CHARSET=latin1;
/*!40101 SET character_set_client = @saved_cs_client */;

--
-- Dumping data for table `parameter_type`
--

LOCK TABLES `parameter_type` WRITE;
/*!40000 ALTER TABLE `parameter_type` DISABLE KEYS */;
INSERT INTO `parameter_type` VALUES (20,0,18,'Process_name','STRING','A-Z'),(21,0,22,'owner_name','STRING','A-Z'),(22,0,22,'method_name','STRING','A-Z'),(24,0,22,'set_timeout','INTEGER','1-65535'),(25,0,22,'newState','INTEGER','0-2'),(26,0,22,'resource_type','INTEGER','0-7'),(27,0,24,'owner_name','STRING','A-Z'),(29,0,25,'resource_type','INTEGER','0-7'),(30,0,26,'resource_type','INTEGER','0-7'),(34,0,29,'event_id','INTEGER','0-2'),(35,0,29,'owner_name','STRING','A-Z'),(37,0,29,'keyType','INTEGER','1-65535'),(38,0,29,'keyCode','INTEGER','1-65535'),(39,0,29,'newState','INTEGER','0-2'),(40,0,29,'resource_type','INTEGER','0-7'),(43,0,31,'event_id','INTEGER','0-2'),(44,0,31,'owner_name','STRING','A-Z'),(45,0,32,'event_id','INTEGER','0-2'),(46,0,32,'owner_name','STRING','A-Z'),(49,0,37,'member_name','STRING','A-Z'),(51,0,38,'max_event','INTEGER','0-2'),(68,0,22,'mfr_param_type','INTEGER','0-9'),(81,0,74,'Opensource_component_type','STRING','qt_non_gfx (or) qt_gfx (or) webkit (or) gstreamer (or) gst_plugin_base (or) gst_plugin_good (or) gst-plugin-custom'),(82,0,74,'Display_option','STRING','directfb (or) eglnullws (or) intelce'),(85,0,78,'indicator_name','STRING','A-Z'),(86,0,78,'brightness','INTEGER','1-100'),(87,0,79,'indicator_name','STRING','A-Z'),(88,0,79,'blink_interval','INTEGER','1-10'),(89,0,79,'blink_iteration','STRING','1-10'),(90,0,80,'viteration','INTEGER','1-10'),(91,0,80,'hiteration','INTEGER','1-10'),(92,0,80,'hold_duration','INTEGER','1-10'),(93,0,80,'text','STRING','A-Z'),(94,0,81,'port_name','STRING','A-Z'),(97,0,82,'port_name','STRING','A-Z'),(98,0,83,'zoom_setting','STRING','A-Z'),(99,0,84,'port_name','STRING','A-Z'),(100,0,84,'encoding_format','STRING','A-Z'),(101,0,85,'port_name','STRING','A-Z'),(102,0,85,'compression_format','STRING','A-Z'),(103,0,86,'port_name','STRING','A-Z'),(104,0,86,'stereo_mode','STRING','A-Z'),(105,0,87,'new_power_state','INTEGER','0-1'),(106,0,88,'port_name','STRING','A-Z'),(107,0,88,'resolution','STRING','A-Z & 0-9'),(108,0,90,'indicator_name','STRING','A-Z'),(109,0,92,'text_display','STRING','A-Z'),(110,0,92,'text','STRING','A-Z'),(111,0,93,'time_format','INTEGER','0-2'),(112,0,93,'text','STRING','A-Z'),(113,0,94,'time_hrs','INTEGER','1-24'),(114,0,94,'time_mins','INTEGER','1-60'),(115,0,94,'text','STRING','A-Z'),(116,0,95,'loop_thru','INTEGER','0-1'),(117,0,95,'port_name','STRING','A-Z'),(118,0,96,'mute_status','INTEGER','0-1'),(119,0,96,'port_name','STRING','A-Z'),(120,0,97,'port_name','STRING','A-Z'),(121,0,98,'port_name','STRING','A-Z'),(122,0,99,'port_name','STRING','A-Z'),(123,0,102,'port_name','STRING','A-Z'),(124,0,103,'port_id','INTEGER','0'),(125,0,104,'port_id','INTEGER','0'),(126,0,105,'port_name','STRING','A-Z'),(127,0,106,'port_name','STRING','A-Z'),(128,0,107,'port_name','STRING','A-Z'),(129,0,108,'ocapId','STRING','A-Z'),(130,0,112,'ocapId','STRING','A-Z'),(134,0,115,'timePosition','STRING','A-Z'),(135,0,115,'PlaySpeed','STRING','A-Z'),(137,0,117,'port_name','STRING','A-Z'),(138,0,118,'port_name','STRING','A-Z'),(139,0,124,'service_name','STRING','A-Z'),(140,0,125,'service_name','STRING','A-Z'),(141,0,126,'service_name','STRING','A-Z'),(142,0,81,'audio_level','FLOAT','1-10'),(143,0,82,'db_level','FLOAT','1-100'),(145,0,128,'recordingId','STRING','A-Z'),(152,0,142,'rmfapp_command','STRING','any alphanumeric sequence'),(154,0,149,'service_name','STRING','A-Z'),(155,0,150,'enable','INTEGER','0,1'),(156,0,151,'enable','INTEGER','0,1'),(158,0,153,'apiVersion','INTEGER','1-1000'),(159,0,154,'service_name','STRING','A-Z'),(160,0,154,'event_name','STRING','A-Z'),(161,0,152,'device_name','STRING','A-Z & 1-1000'),(162,0,153,'service_name','STRING','A-Z'),(163,0,156,'videoDisplay','STRING','A-Z'),(164,0,157,'videoDisplay','STRING','A-Z'),(165,0,156,'zoomLevel','STRING','A-Z'),(166,0,157,'resolution','STRING','A-Z'),(189,0,177,'status','INTEGER','0-1'),(193,0,182,'trickPlayStatus','INTEGER','0-1'),(195,0,173,'Categories','STRING','A-Z'),(196,0,173,'ccAttribute','INTEGER','1 - 14'),(197,0,173,'value','INTEGER','1-8'),(198,0,173,'ccType','INTEGER','0-1'),(199,0,173,'stylevalue','STRING','A-Z'),(201,0,164,'channel_num','INTEGER','1-63'),(202,0,166,'analog_channel_num','INTEGER','1-8'),(212,0,30,'appname','STRING','A-Z'),(214,0,22,'testapp_API1_data','INTEGER','1-1000'),(215,0,22,'testapp_API0_data','INTEGER','1-1000'),(254,0,211,'pauseuri','STRING','A-Z'),(259,0,216,'playuri','STRING','A-Z'),(264,0,224,'playuri','STRING','A-Z'),(266,0,224,'Y','INTEGER','0-1'),(267,0,224,'X','INTEGER','0-1'),(268,0,224,'H','INTEGER','0-10000'),(269,0,224,'W','INTEGER','0-10000'),(277,0,224,'apply','INTEGER','0,1'),(283,0,223,'playuri','STRING','A-Z'),(284,0,202,'Volume','FLOAT','0-100'),(286,0,227,'playuri','STRING','A-Z'),(301,0,230,'Volume','FLOAT','0-100'),(302,0,230,'X','INTEGER','0-1'),(303,0,230,'Y','INTEGER','0-1'),(304,0,230,'H','INTEGER','0-10000'),(305,0,230,'W','INTEGER','0-1000'),(306,0,230,'apply','INTEGER','0,1'),(307,0,230,'playuri','STRING','A-Z'),(313,0,231,'playuri','STRING','A-Z'),(314,0,232,'X','INTEGER','0-1'),(315,0,232,'Y','INTEGER','0-1'),(316,0,232,'H','INTEGER','0-10000'),(317,0,232,'W','INTEGER','0-1000'),(318,0,232,'playuri','STRING','A-Z'),(319,0,232,'apply','INTEGER','0,1'),(374,0,270,'recordingId','INTEGER','usually 5 digit nos '),(375,0,270,'playUrl','STRING','play url'),(385,0,277,'module','STRING','A-Z'),(386,0,277,'level','STRING','A-Z'),(387,0,278,'module','STRING','A-Z'),(390,0,279,'module','STRING','A-Z'),(393,0,283,'module','STRING','A-Z'),(394,0,283,'level','STRING','A-Z'),(395,0,280,'number','INTEGER','0-100'),(396,0,281,'number','INTEGER','0-100'),(397,0,285,'ocaplocator','STRING','A-Z'),(398,0,293,'ocaplocator','STRING','A-Z'),(399,0,294,'ocaplocator','STRING','A-Z'),(400,0,295,'ocaplocator','STRING','A-Z'),(401,0,296,'ocaplocator','STRING','A-Z'),(402,0,297,'ocaplocator','STRING','A-Z'),(403,0,300,'ocaplocator','STRING','A-Z'),(404,0,301,'ocaplocator','STRING','A-Z'),(405,0,301,'newocaplocator','STRING','A-Z'),(406,0,304,'index','INTEGER','0-100'),(407,0,305,'recordingId','STRING','A-Z'),(408,0,306,'recordingId','STRING','A-Z'),(409,0,307,'recordingId','STRING','A-Z'),(410,0,308,'recordingId','STRING','A-Z'),(411,0,309,'recordingId','STRING','A-Z'),(412,0,311,'duration','INTEGER','long long (+positive no)'),(413,0,312,'recordingTitle','STRING','A-Z'),(414,0,312,'recordingId','STRING','A-Z'),(415,0,312,'recordDuration','DOUBLE','+ postive no'),(416,0,312,'qamLocator','STRING','qam locator string'),(417,0,313,'recordingId','STRING','A-Z'),(418,0,314,'recordingId','STRING','A-Z'),(419,0,316,'tsbId','STRING','negative long long'),(420,0,316,'recordingId','STRING','A-Z'),(421,0,317,'index','INTEGER','0-100'),(488,0,350,'URL','STRING','A-Z'),(489,0,351,'VideostreamURL','STRING','A-Z'),(490,0,351,'play_time','INTEGER','0-50'),(492,0,353,'recordingTitle','STRING','A-Z'),(493,0,353,'recordingId','STRING','A-Z'),(494,0,353,'recordDuration','DOUBLE','1-1000'),(495,0,353,'qamLocator','STRING','A-Z'),(496,0,351,'SkipTime','INTEGER','0-100'),(497,0,354,'rmfElement','STRING','A-Z'),(498,0,355,'rmfElement','STRING','A-Z'),(499,0,356,'rmfElement','STRING','A-Z'),(500,0,357,'url','STRING','A-Z'),(501,0,357,'rmfElement','STRING','A-Z'),(502,0,358,'rmfElement','STRING','A-Z'),(503,0,359,'rmfElement','STRING','A-Z'),(504,0,360,'rmfElement','STRING','A-Z'),(505,0,360,'playSpeed','FLOAT','1-100'),(506,0,360,'playTime','DOUBLE','0-100'),(507,0,360,'defaultPlay','INTEGER','0-1'),(508,0,361,'rmfSourceElement','STRING','A-Z'),(509,0,361,'rmfSinkElement','STRING','A-Z'),(510,0,362,'apply','INTEGER','0-1'),(511,0,362,'X','INTEGER','0-100'),(512,0,362,'Y','INTEGER','0-100'),(513,0,362,'height','INTEGER','1-10000'),(514,0,362,'width','INTEGER','1-10000'),(515,0,363,'playSpeed','FLOAT','1-100'),(516,0,364,'rmfElement','STRING','A-Z'),(517,0,363,'rmfElement','STRING','A-Z'),(518,0,365,'rmfElement','STRING','A-Z'),(519,0,366,'rmfElement','STRING','A-Z'),(520,0,367,'rmfElement','STRING','A-Z'),(521,0,368,'rmfElement','STRING','A-Z'),(522,0,368,'mediaTime','DOUBLE','0-10000'),(523,0,369,'rmfElement','STRING','A-Z'),(529,0,372,'Recording_Id','STRING','0-100000'),(530,0,314,'playUrl','STRING','A-Z'),(531,0,305,'playUrl','STRING','A-Z'),(532,0,306,'playUrl','STRING','A-Z'),(533,0,307,'playUrl','STRING','A-Z'),(534,0,308,'playUrl','STRING','A-Z'),(535,0,309,'playUrl','STRING','A-Z'),(536,0,316,'playUrl','STRING','A-Z'),(537,0,313,'playUrl','STRING','A-Z'),(539,0,304,'playUrl','STRING','A-Z'),(540,0,373,'recordingId','STRING','A-Z'),(541,0,374,'index','INTEGER','0-100'),(544,0,380,'Validurl','STRING','A-Z'),(545,0,381,'videoStreamURL','STRING','A-Z'),(546,0,379,'RecordURL','STRING','A-Z'),(547,0,378,'videoStreamURL','STRING','A-Z'),(548,0,382,'playUrl','STRING','A-Z'),(549,0,383,'playUrl','STRING','A-Z'),(550,0,383,'speed','FLOAT','1-100'),(551,0,384,'playUrl','STRING','A-Z'),(552,0,385,'playUrl','STRING','A-Z'),(553,0,354,'dvrSinkRecordId','STRING','A-Z'),(554,0,385,'rewindSpeed','FLOAT','1-100'),(555,0,386,'playUrl','STRING','A-Z'),(556,0,387,'playUrl','STRING','A-Z'),(557,0,388,'playUrl','STRING','A-Z'),(558,0,388,'rCount','INTEGER','1-100'),(559,0,389,'playUrl','STRING','A-Z'),(560,0,389,'seconds','DOUBLE','1-100'),(561,0,389,'rCount','INTEGER','1-100'),(562,0,390,'playUrl','STRING','A-Z'),(564,0,390,'rCount','INTEGER','1-100'),(565,0,390,'seconds','DOUBLE','1-100'),(566,0,391,'playUrl','STRING','A-Z'),(567,0,391,'seconds','DOUBLE','1-100'),(568,0,392,'playUrl','STRING','A-Z'),(569,0,392,'seconds','DOUBLE','1-100'),(570,0,392,'rCount','INTEGER','1-100'),(571,0,393,'playUrl','STRING','A-Z'),(572,0,393,'seconds','DOUBLE','1-100'),(573,0,394,'playUrl','STRING','A-Z'),(574,0,394,'seconds','DOUBLE','1-100'),(575,0,395,'playUrl','STRING','A-Z'),(576,0,395,'rewindSpeed','FLOAT','1-100'),(577,0,395,'forwardSpeed','FLOAT','1-100'),(578,0,396,'playUrl','STRING','A-Z'),(579,0,396,'rewindSpeed','FLOAT','1-100'),(580,0,396,'forwardSpeed','FLOAT','1-100'),(581,0,397,'playUrl','STRING','A-Z'),(582,0,397,'trickPlayRate','FLOAT','1-100'),(583,0,398,'playUrl','STRING','A-Z'),(584,0,398,'trickPlayRate','FLOAT','1-100'),(585,0,399,'playUrl','STRING','A-Z'),(586,0,399,'sfSeconds','DOUBLE','1-100'),(587,0,399,'sbSeconds','DOUBLE','1-100'),(588,0,399,'rCount','INTEGER','1-100'),(589,0,400,'playUrl','STRING','A-Z'),(590,0,400,'rewindSpeed','FLOAT','1-100'),(591,0,400,'forwardSpeed','FLOAT','1-100'),(592,0,400,'sfSeconds','DOUBLE','1-100'),(593,0,400,'sbSeconds','DOUBLE','1-100'),(594,0,400,'rCount','INTEGER','1-100'),(595,0,401,'playUrl','STRING','A-Z'),(596,0,402,'playUrl','STRING','1-100'),(597,0,403,'Validurl','STRING','A-Z'),(599,0,405,'recordingId','STRING','A-Z'),(600,0,405,'url','STRING','A-Z'),(601,0,405,'recDuration','DOUBLE','1-100'),(602,0,371,'Duration','STRING','Inmillsec'),(603,0,371,'Start_time','STRING','In-MilliSec'),(604,0,371,'Recording_Id','STRING','0-10000'),(605,0,371,'Source_id','STRING','A-Z'),(606,0,371,'UTCTime','STRING','mmddHHMMyyyy'),(607,0,404,'playUrl','STRING','A-Z'),(608,0,416,'url','STRING','A-Z'),(609,0,354,'factoryEnable','STRING','A-Z'),(610,0,354,'qamSrcUrl','STRING','A-Z'),(611,0,359,'factoryEnable','STRING','A-Z'),(612,0,420,'url','STRING','A-Z'),(614,0,420,'socketId','INTEGER','0-100'),(615,0,420,'streamIp','STRING','A-Z'),(616,0,420,'typeFlag','INTEGER','0-1'),(617,0,421,'rmfElement','STRING','A-Z'),(618,0,420,'dctpEnable','STRING','A-Z'),(619,0,376,'VideostreamURL','STRING','A-Z'),(620,0,376,'trickPlayRate','FLOAT','0-100'),(621,0,375,'ValidocapId','STRING','A-Z'),(622,0,420,'useChunkTransfer','STRING','A-Z'),(624,0,422,'VideostreamURL','STRING','A-Z'),(625,0,422,'SpeedRate','FLOAT','0-100'),(631,0,425,'playUrl','STRING','A-Z'),(632,0,424,'recordId','STRING','any alphanumeric sequence'),(633,0,424,'recordDuration','STRING','any alphanumeric sequence'),(634,0,424,'recordTitle','STRING','any alphanumeric sequence'),(635,0,424,'ocapId','STRING','any alphanumeric sequence'),(636,0,426,'resultList','STRING','A-Z'),(637,0,427,'path','STRING','A-Z'),(641,0,29,'state','INTEGER','0-100'),(642,0,29,'error','INTEGER','0-100'),(643,0,29,'payload','STRING','A-Z'),(644,0,429,'module','STRING','A-Z'),(645,0,434,'module','STRING','A-Z'),(646,0,431,'module','STRING','A-Z'),(647,0,433,'module','STRING','A-Z'),(648,0,432,'module','STRING','A-Z'),(649,0,432,'level','STRING','A-Z'),(650,0,432,'msg','STRING','A-Z'),(651,0,438,'path','STRING','A-Z'),(652,0,438,'paramValue','STRING','A-Z'),(654,0,30,'argv1','STRING','ON,OFF,PAIR'),(655,0,441,'module','STRING','A-Z'),(656,0,440,'module','STRING','A-Z'),(657,0,440,'level','STRING','A-Z'),(658,0,207,'X','INTEGER','0-1'),(659,0,207,'H','INTEGER','0-10000'),(660,0,207,'playuri','STRING','A-Z'),(661,0,207,'Y','INTEGER','0-1'),(662,0,207,'apply','INTEGER','0-10000'),(663,0,207,'W','INTEGER','0-10000'),(665,0,450,'propValue','INTEGER','0-1000'),(666,0,454,'propValue','STRING','AZ'),(669,0,459,'propValue','STRING','AZ'),(670,0,460,'recordingId','STRING','A-Z'),(671,0,460,'duration','DOUBLE','0-1000000'),(672,0,460,'locator','STRING','A-Z'),(673,0,465,'propValue','STRING','AZ'),(674,0,467,'propValue','STRING','AZ'),(675,0,461,'duration','DOUBLE','0-1000000'),(676,0,461,'locator','STRING','A-Z'),(679,0,456,'propValue','INTEGER','0-100'),(680,0,443,'propValue','INTEGER','0-100'),(684,0,474,'duration','DOUBLE','0-1000000'),(685,0,474,'locator','STRING','A-Z'),(686,0,475,'duration','DOUBLE','0-1000000'),(687,0,475,'locator','STRING','A-Z'),(688,0,476,'recordingId','STRING','A-Z'),(689,0,476,'duration','DOUBLE','0-1000000'),(690,0,476,'locator','STRING','A-Z'),(691,0,477,'duration','DOUBLE','0-1000000'),(692,0,477,'locator','STRING','A-Z'),(698,0,317,'playUrl','STRING','A-Z'),(701,0,482,'url','STRING','A-Z'),(710,0,354,'newQamSrc','STRING','A-Z'),(711,0,354,'newQamSrcUrl','STRING','A-Z'),(712,0,359,'newQamSrc','STRING','A-Z'),(713,0,361,'newQamSrc','STRING','A-Z'),(714,0,360,'newQamSrc','STRING','A-Z'),(715,0,367,'newQamSrc','STRING','A-Z'),(716,0,487,'service_name','STRING','A-Z'),(717,0,488,'service_name','STRING','A-Z'),(718,0,489,'service_name','STRING','A-Z'),(719,0,490,'logPath','STRING','A-Z'),(720,0,78,'get_only','INTEGER','0-1'),(723,0,78,'text','STRING','A-Z'),(725,0,487,'service_name','STRING','A-Z'),(726,0,488,'service_name','STRING','A-Z'),(727,0,489,'service_name','STRING','A-Z'),(728,0,354,'numOfTimeChannelChange','INTEGER','0-100'),(729,0,416,'numOfTimeChannelChange','INTEGER','0-100'),(730,0,361,'numOfTimeChannelChange','INTEGER','0-100'),(731,0,360,'numOfTimeChannelChange','INTEGER','0-100'),(732,0,367,'numOfTimeChannelChange','INTEGER','0-100'),(734,0,359,'numOfTimeChannelChange','INTEGER','0-100'),(735,0,88,'get_only','INTEGER','0-1'),(736,0,491,'state','INTEGER','0-1'),(737,0,492,'enable','INTEGER','0-1'),(738,0,491,'indicator_name','STRING','A-Z'),(739,0,492,'port_name','STRING','A-Z'),(740,0,75,'color','INTEGER','0-4'),(741,0,75,'indicator_name','STRING','A-Z'),(750,0,460,'startTime','DOUBLE','0-1000000'),(751,0,461,'startTime','DOUBLE','0-1000000'),(752,0,460,'deviceNo','INTEGER','0-5'),(753,0,461,'deviceNo','INTEGER','0-5'),(754,0,460,'hot','INTEGER','0-1'),(755,0,495,'audioVideoStatus','STRING','A-Z'),(756,0,474,'deviceNo','INTEGER','0-5'),(757,0,475,'deviceNo','INTEGER','0-5'),(767,0,506,'logFile','STRING','A-Z'),(768,0,506,'FileNameToCpTdkPath','STRING','A-Z'),(769,0,506,'patternToSearch','STRING','A-Z'),(770,0,507,'logFileToClear','STRING','A-Z'),(771,0,508,'recordId','STRING','A-Z'),(772,0,508,'recordDuration','STRING','A-Z'),(773,0,508,'recordTitle','STRING','A-Z'),(774,0,508,'ocapId','STRING','A-Z'),(775,0,475,'activity','INTEGER','1-2'),(776,0,474,'activity','INTEGER','1-2'),(780,0,447,'deviceNo','INTEGER','0-5'),(782,0,513,'funcName','STRING','A-Z'),(783,0,513,'strParam1','STRING','A-Z'),(784,0,513,'intParam2','INTEGER','0-65535'),(785,0,513,'intParam3','INTEGER','0-65535'),(786,0,513,'intParam4','INTEGER','0-65535'),(793,0,534,'paramName','STRING','A-Z'),(794,0,533,'paramName','STRING','A-Z'),(795,0,538,'stateId','INTEGER','0-100'),(796,0,538,'state','INTEGER','0-100'),(797,0,538,'error','INTEGER','0-100'),(798,0,538,'payload','STRING','A-Z'),(799,0,538,'eventLog','STRING','A-Z');
/*!40000 ALTER TABLE `parameter_type` ENABLE KEYS */;
UNLOCK TABLES;

--
-- Table structure for table `performance`
--

DROP TABLE IF EXISTS `performance`;
/*!40101 SET @saved_cs_client     = @@character_set_client */;
/*!40101 SET character_set_client = utf8 */;
CREATE TABLE `performance` (
  `id` bigint(20) NOT NULL AUTO_INCREMENT,
  `version` bigint(20) NOT NULL,
  `execution_result_id` bigint(20) DEFAULT NULL,
  `performance_type` varchar(255) DEFAULT NULL,
  `process_name` varchar(255) DEFAULT NULL,
  `process_value` varchar(255) DEFAULT NULL,
  `process_value1` varchar(255) DEFAULT NULL,
  PRIMARY KEY (`id`),
  KEY `FKA7C310309FCEDC3B` (`execution_result_id`),
  CONSTRAINT `FKA7C310309FCEDC3B` FOREIGN KEY (`execution_result_id`) REFERENCES `execution_result` (`id`)
) ENGINE=InnoDB AUTO_INCREMENT=398 DEFAULT CHARSET=latin1;
/*!40101 SET character_set_client = @saved_cs_client */;


--
-- Table structure for table `primitive_test`
--

DROP TABLE IF EXISTS `primitive_test`;
/*!40101 SET @saved_cs_client     = @@character_set_client */;
/*!40101 SET character_set_client = utf8 */;
CREATE TABLE `primitive_test` (
  `id` bigint(20) NOT NULL AUTO_INCREMENT,
  `version` bigint(20) NOT NULL,
  `function_id` bigint(20) NOT NULL,
  `module_id` bigint(20) NOT NULL,
  `name` varchar(255) NOT NULL,
  `groups_id` bigint(20) DEFAULT NULL,
  PRIMARY KEY (`id`),
  KEY `FKA504E8EA6DEEED2F` (`module_id`),
  KEY `FKA504E8EAF773FC6F` (`function_id`),
  KEY `FKA504E8EA984B586A` (`groups_id`),
  CONSTRAINT `FKA504E8EA6DEEED2F` FOREIGN KEY (`module_id`) REFERENCES `module` (`id`),
  CONSTRAINT `FKA504E8EA984B586A` FOREIGN KEY (`groups_id`) REFERENCES `groups` (`id`),
  CONSTRAINT `FKA504E8EAF773FC6F` FOREIGN KEY (`function_id`) REFERENCES `function` (`id`)
) ENGINE=InnoDB DEFAULT CHARSET=latin1;
/*!40101 SET character_set_client = @saved_cs_client */;


--
-- Table structure for table `radio_streaming_details`
--

DROP TABLE IF EXISTS `radio_streaming_details`;
/*!40101 SET @saved_cs_client     = @@character_set_client */;
/*!40101 SET character_set_client = utf8 */;
CREATE TABLE `radio_streaming_details` (
  `id` bigint(20) NOT NULL AUTO_INCREMENT,
  `version` bigint(20) NOT NULL,
  `groups_id` bigint(20) DEFAULT NULL,
  `stream_id` varchar(64) NOT NULL,
  PRIMARY KEY (`id`),
  UNIQUE KEY `stream_id` (`stream_id`),
  KEY `FKE2194421984B586A` (`groups_id`),
  CONSTRAINT `FKE2194421984B586A` FOREIGN KEY (`groups_id`) REFERENCES `groups` (`id`)
) ENGINE=InnoDB AUTO_INCREMENT=3 DEFAULT CHARSET=latin1;
/*!40101 SET character_set_client = @saved_cs_client */;

--
-- Dumping data for table `radio_streaming_details`
--

LOCK TABLES `radio_streaming_details` WRITE;
/*!40000 ALTER TABLE `radio_streaming_details` DISABLE KEYS */;
INSERT INTO `radio_streaming_details` VALUES (1,0,NULL,'R01'),(2,0,NULL,'R02');
/*!40000 ALTER TABLE `radio_streaming_details` ENABLE KEYS */;
UNLOCK TABLES;

--
-- Table structure for table `rdkversions`
--

DROP TABLE IF EXISTS `rdkversions`;
/*!40101 SET @saved_cs_client     = @@character_set_client */;
/*!40101 SET character_set_client = utf8 */;
CREATE TABLE `rdkversions` (
  `id` bigint(20) NOT NULL AUTO_INCREMENT,
  `version` bigint(20) NOT NULL,
  `build_version` varchar(255) NOT NULL,
  `groups_id` bigint(20) DEFAULT NULL,
  PRIMARY KEY (`id`),
  UNIQUE KEY `build_version` (`build_version`),
  KEY `FK3CD0AE14984B586A` (`groups_id`),
  CONSTRAINT `FK3CD0AE14984B586A` FOREIGN KEY (`groups_id`) REFERENCES `groups` (`id`)
) ENGINE=InnoDB AUTO_INCREMENT=4 DEFAULT CHARSET=latin1;
/*!40101 SET character_set_client = @saved_cs_client */;

--
-- Dumping data for table `rdkversions`
--

LOCK TABLES `rdkversions` WRITE;
/*!40000 ALTER TABLE `rdkversions` DISABLE KEYS */;
INSERT INTO `rdkversions` VALUES (1,0,'RDK1.2',NULL),(2,0,'RDK1.3',NULL),(3,0,'RDK2.0',NULL);
/*!40000 ALTER TABLE `rdkversions` ENABLE KEYS */;
UNLOCK TABLES;

--
-- Table structure for table `repeat_pending_execution`
--

DROP TABLE IF EXISTS `repeat_pending_execution`;
/*!40101 SET @saved_cs_client     = @@character_set_client */;
/*!40101 SET character_set_client = utf8 */;
CREATE TABLE `repeat_pending_execution` (
  `id` bigint(20) NOT NULL AUTO_INCREMENT,
  `version` bigint(20) NOT NULL,
  `complete_execution_pending` int(11) NOT NULL,
  `current_execution_count` int(11) NOT NULL,
  `device_name` varchar(255) NOT NULL,
  `execution_name` varchar(255) NOT NULL,
  `status` varchar(255) NOT NULL,
  PRIMARY KEY (`id`)
) ENGINE=InnoDB DEFAULT CHARSET=latin1;
/*!40101 SET character_set_client = @saved_cs_client */;


--
-- Table structure for table `role`
--

DROP TABLE IF EXISTS `role`;
/*!40101 SET @saved_cs_client     = @@character_set_client */;
/*!40101 SET character_set_client = utf8 */;
CREATE TABLE `role` (
  `id` bigint(20) NOT NULL AUTO_INCREMENT,
  `version` bigint(20) NOT NULL,
  `name` varchar(255) NOT NULL,
  PRIMARY KEY (`id`),
  UNIQUE KEY `name` (`name`)
) ENGINE=InnoDB AUTO_INCREMENT=3 DEFAULT CHARSET=latin1;
/*!40101 SET character_set_client = @saved_cs_client */;

--
-- Dumping data for table `role`
--

LOCK TABLES `role` WRITE;
/*!40000 ALTER TABLE `role` DISABLE KEYS */;
INSERT INTO `role` VALUES (1,5,'ADMIN'),(2,3,'TESTER');
/*!40000 ALTER TABLE `role` ENABLE KEYS */;
UNLOCK TABLES;

--
-- Table structure for table `role_permissions`
--

DROP TABLE IF EXISTS `role_permissions`;
/*!40101 SET @saved_cs_client     = @@character_set_client */;
/*!40101 SET character_set_client = utf8 */;
CREATE TABLE `role_permissions` (
  `role_id` bigint(20) DEFAULT NULL,
  `permissions_string` varchar(255) DEFAULT NULL,
  KEY `FKEAD9D23BA4EB492A` (`role_id`),
  CONSTRAINT `FKEAD9D23BA4EB492A` FOREIGN KEY (`role_id`) REFERENCES `role` (`id`)
) ENGINE=InnoDB DEFAULT CHARSET=latin1;
/*!40101 SET character_set_client = @saved_cs_client */;

--
-- Dumping data for table `role_permissions`
--

LOCK TABLES `role_permissions` WRITE;
/*!40000 ALTER TABLE `role_permissions` DISABLE KEYS */;
INSERT INTO `role_permissions` VALUES (1,'*:*'),(2,'Execution:*:*'),(2,'Module:*:*'),(2,'StreamingDetails:*:*'),(2,'ScriptGroup:*:*'),(2,'DeviceGroup:*:*'),(2,'Recorder:*:*'),(2,'PrimitiveTest:*:*'),(2,'Trends:*:*');
/*!40000 ALTER TABLE `role_permissions` ENABLE KEYS */;
UNLOCK TABLES;

--
-- Table structure for table `script`
--

DROP TABLE IF EXISTS `script`;
/*!40101 SET @saved_cs_client     = @@character_set_client */;
/*!40101 SET character_set_client = utf8 */;
CREATE TABLE `script` (
  `id` bigint(20) NOT NULL AUTO_INCREMENT,
  `version` bigint(20) NOT NULL,
  `name` varchar(255) NOT NULL,
  `primitive_test_id` bigint(20) NOT NULL,
  `script_content` longtext NOT NULL,
  `status` varchar(255) DEFAULT NULL,
  `synopsis` varchar(255) DEFAULT NULL,
  `groups_id` bigint(20) DEFAULT NULL,
  `execution_time` int(11) NOT NULL,
  `remarks` varchar(255) NOT NULL,
  `skip` bit(1) NOT NULL,
  `long_duration` bit(1) NOT NULL,
  PRIMARY KEY (`id`),
  KEY `FKC9E5D0CB67097214` (`primitive_test_id`),
  KEY `FKC9E5D0CB984B586A` (`groups_id`),
  CONSTRAINT `FKC9E5D0CB67097214` FOREIGN KEY (`primitive_test_id`) REFERENCES `primitive_test` (`id`),
  CONSTRAINT `FKC9E5D0CB984B586A` FOREIGN KEY (`groups_id`) REFERENCES `groups` (`id`)
) ENGINE=InnoDB DEFAULT CHARSET=latin1;
/*!40101 SET character_set_client = @saved_cs_client */;


--
-- Table structure for table `script_box_type`
--

DROP TABLE IF EXISTS `script_box_type`;
/*!40101 SET @saved_cs_client     = @@character_set_client */;
/*!40101 SET character_set_client = utf8 */;
CREATE TABLE `script_box_type` (
  `script_box_types_id` bigint(20) DEFAULT NULL,
  `box_type_id` bigint(20) DEFAULT NULL,
  KEY `FK7583C622B8519149` (`script_box_types_id`),
  KEY `FK7583C62241CE91C` (`box_type_id`),
  CONSTRAINT `FK7583C62241CE91C` FOREIGN KEY (`box_type_id`) REFERENCES `box_type` (`id`),
  CONSTRAINT `FK7583C622B8519149` FOREIGN KEY (`script_box_types_id`) REFERENCES `script` (`id`)
) ENGINE=InnoDB DEFAULT CHARSET=latin1;
/*!40101 SET character_set_client = @saved_cs_client */;


--
-- Table structure for table `script_file`
--

DROP TABLE IF EXISTS `script_file`;
/*!40101 SET @saved_cs_client     = @@character_set_client */;
/*!40101 SET character_set_client = utf8 */;
CREATE TABLE `script_file` (
  `id` bigint(20) NOT NULL AUTO_INCREMENT,
  `version` bigint(20) NOT NULL,
  `module_name` longtext,
  `script_name` longtext NOT NULL,
  PRIMARY KEY (`id`)
) ENGINE=InnoDB AUTO_INCREMENT=1249 DEFAULT CHARSET=latin1;
/*!40101 SET character_set_client = @saved_cs_client */;

--
-- Dumping data for table `script_file`
--

LOCK TABLES `script_file` WRITE;
/*!40000 ALTER TABLE `script_file` DISABLE KEYS */;
INSERT INTO `script_file` VALUES (1,0,'gst-plugins-rdk',' GstPluginRdk_Aesdecrypt_DecryptEnable_Get_Default'),(2,0,'gst-plugins-rdk',' GstPluginRdk_Dvrsink_RecordId_Set_Prop'),(3,0,'gst-plugins-rdk',' GstPluginRdk_Dvrsrc_Duration_Get_Prop_Default'),(4,0,'closedcaption','CC_Get_Attribute_BGOpacity_default_28'),(5,0,'closedcaption','CC_Get_Attribute_BorderColor_default_34'),(6,0,'closedcaption','CC_Get_Attribute_BorderType_default_33'),(7,0,'closedcaption','CC_Get_Attribute_EdgeColor_default_38'),(8,0,'closedcaption','CC_Get_Attribute_EdgeType_default_37'),(9,0,'closedcaption','CC_Get_Attribute_FontColor_default_26'),(10,0,'closedcaption','CC_Get_Attribute_FontItalic_default_31'),(11,0,'closedcaption','CC_Get_Attribute_FontOpacity_default_27'),(12,0,'closedcaption','CC_Get_Attribute_FontSize_default_30'),(13,0,'closedcaption','CC_Get_Attribute_FontStyle_default_29'),(14,0,'closedcaption','CC_Get_Attribute_FontUnderline_default_32'),(15,0,'closedcaption','CC_Get_Attribute_WinBorderColor_default_35'),(16,0,'closedcaption','CC_Get_Attribute_WinOpacity_default_36'),(17,0,'closedcaption','CC_Get_SupportedServiceNumberCount_ServiceNumber_23'),(18,0,'closedcaption','CC_Hide_22'),(19,0,'closedcaption','CC_Initialization_01'),(20,0,'closedcaption','CC_ResetTrickPlayStatus_24'),(21,0,'closedcaption','CC_SetGet_AnalogChannel_19'),(22,0,'closedcaption','CC_SetGet_Attribute_BgColor_04'),(23,0,'closedcaption','CC_SetGet_Attribute_BgColor_BoundHigh_56'),(24,0,'closedcaption','CC_SetGet_Attribute_BgColor_BoundLow_70'),(25,0,'closedcaption','CC_SetGet_Attribute_BgColor_invalid_42'),(26,0,'closedcaption','CC_SetGet_Attribute_BGOpacity_06'),(27,0,'closedcaption','CC_SetGet_Attribute_BGOpacity_BoundHigh_58'),(28,0,'closedcaption','CC_SetGet_Attribute_BGOpacity_BoundLow_72'),(29,0,'closedcaption','CC_SetGet_Attribute_BGOpacity_invalid_44'),(30,0,'closedcaption','CC_SetGet_Attribute_BorderColor_12'),(31,0,'closedcaption','CC_SetGet_Attribute_BorderColor_BoundHigh_64'),(32,0,'closedcaption','CC_SetGet_Attribute_BorderColor_invalid_50'),(33,0,'closedcaption','CC_SetGet_Attribute_BorderType_11'),(34,0,'closedcaption','CC_SetGet_Attribute_BorderType_BoundHigh_63'),(35,0,'closedcaption','CC_SetGet_Attribute_BorderType_invalid_49'),(36,0,'closedcaption','CC_SetGet_Attribute_EdgeColor_16'),(37,0,'closedcaption','CC_SetGet_Attribute_EdgeColor_BoundHigh_68'),(38,0,'closedcaption','CC_SetGet_Attribute_EdgeColor_invalid_54'),(39,0,'closedcaption','CC_SetGet_Attribute_EdgeType_15'),(40,0,'closedcaption','CC_SetGet_Attribute_EdgeType_BoundHigh_67'),(41,0,'closedcaption','CC_SetGet_Attribute_EdgeType_invalid_53'),(42,0,'closedcaption','CC_SetGet_Attribute_FontColor_03'),(43,0,'closedcaption','CC_SetGet_Attribute_FontColor_190'),(44,0,'closedcaption','CC_SetGet_Attribute_FontColor_191'),(45,0,'closedcaption','CC_SetGet_Attribute_FontColor_192'),(46,0,'closedcaption','CC_SetGet_Attribute_FontColor_193'),(47,0,'closedcaption','CC_SetGet_Attribute_FontColor_194'),(48,0,'closedcaption','CC_SetGet_Attribute_FontColor_195'),(49,0,'closedcaption','CC_SetGet_Attribute_FontColor_196'),(50,0,'closedcaption','CC_SetGet_Attribute_FontColor_BoundHigh_55'),(51,0,'closedcaption','CC_SetGet_Attribute_FontColor_BoundLow_69'),(52,0,'closedcaption','CC_SetGet_Attribute_FontColor_invalid_41'),(53,0,'closedcaption','CC_SetGet_Attribute_FontItalic_09'),(54,0,'closedcaption','CC_SetGet_Attribute_FontItalic_BoundHigh_61'),(55,0,'closedcaption','CC_SetGet_Attribute_FontItalic_BoundLow_75'),(56,0,'closedcaption','CC_SetGet_Attribute_FontItalic_invalid_47'),(57,0,'closedcaption','CC_SetGet_Attribute_FontOpacity_05'),(58,0,'closedcaption','CC_SetGet_Attribute_FontOpacity_BoundHigh_57'),(59,0,'closedcaption','CC_SetGet_Attribute_FontOpacity_invalid_43'),(60,0,'closedcaption','CC_SetGet_Attribute_FontSize_08'),(61,0,'closedcaption','CC_SetGet_Attribute_FontSize_BoundHigh_60'),(62,0,'closedcaption','CC_SetGet_Attribute_FontSize_invalid_46'),(63,0,'closedcaption','CC_SetGet_Attribute_FontStyle_07'),(64,0,'closedcaption','CC_SetGet_Attribute_FontStyle_BoundHigh_59'),(65,0,'closedcaption','CC_SetGet_Attribute_FontStyle_invalid_45'),(66,0,'closedcaption','CC_SetGet_Attribute_FontUnderline_10'),(67,0,'closedcaption','CC_SetGet_Attribute_FontUnderline_BoundHigh_62'),(68,0,'closedcaption','CC_SetGet_Attribute_FontUnderline_BoundLow_76'),(69,0,'closedcaption','CC_SetGet_Attribute_FontUnderline_invalid_48'),(70,0,'closedcaption','CC_SetGet_Attribute_WinBorderColor_13'),(71,0,'closedcaption','CC_SetGet_Attribute_WinBorderColor_BoundHigh_65'),(72,0,'closedcaption','CC_SetGet_Attribute_WinBorderColor_invalid_51'),(73,0,'closedcaption','CC_SetGet_Attribute_WindowOpacity_BoundHigh_66'),(74,0,'closedcaption','CC_SetGet_Attribute_WinOpacity_14'),(75,0,'closedcaption','CC_SetGet_Attribute_WinOpacity_invalid_52'),(76,0,'closedcaption','CC_SetGet_DigitalChannel_17'),(77,0,'closedcaption','CC_SetGet_InvalidDigitalChannel_18'),(78,0,'closedcaption','CC_SetGet_Invalid_AnalogChannel_20'),(79,0,'closedcaption','CC_SetGet_State_02'),(80,0,'closedcaption','CC_SetTrickPlayStatus_25'),(81,0,'closedcaption','CC_Show_21'),(107,0,'devicesettings','DS_AddDisplayconnection Listener test_14'),(108,0,'devicesettings','DS_Brightness_Persistent_116'),(109,0,'devicesettings','DS_DTCP support test_19'),(110,0,'devicesettings','DS_GetAspect Ratio test_21'),(111,0,'devicesettings','DS_GetAspect_Ratio_Reboot_test_114'),(112,0,'devicesettings','DS_GetDisplayDetails test_22'),(113,0,'devicesettings','DS_GetDisplayDetails_OnDisabledPort_123'),(114,0,'devicesettings','DS_GetDisplayDetails_Reboot_test_113'),(115,0,'devicesettings','DS_HDCP Support test_18'),(116,0,'devicesettings','DS_IsContentProtection test_17'),(117,0,'devicesettings','DS_IsDynamicResolutionsSupport test_20'),(118,0,'devicesettings','DS_LoopThru test_08'),(119,0,'devicesettings','DS_mute_test_09'),(120,0,'devicesettings','DS_PowerMode Listener test_13'),(121,0,'devicesettings','DS_PowerModeToggle_Stress_119'),(122,0,'devicesettings','DS_Resolution test_16'),(124,0,'devicesettings','DS_Resolution_1080i50_test_90'),(125,0,'devicesettings','DS_Resolution_1080i_test_84'),(126,0,'devicesettings','DS_Resolution_1080p24_test_88'),(127,0,'devicesettings','DS_Resolution_1080p30_test_91'),(128,0,'devicesettings','DS_Resolution_1080p60_test_92'),(129,0,'devicesettings','DS_Resolution_1080p_test_89'),(130,0,'devicesettings','DS_Resolution_480i_test_82'),(131,0,'devicesettings','DS_Resolution_480p_test_85'),(132,0,'devicesettings','DS_Resolution_576p50_test_86'),(133,0,'devicesettings','DS_Resolution_720p50_test_87'),(134,0,'devicesettings','DS_Resolution_720p_test_83'),(135,0,'devicesettings','DS_Resolution_Invalid_port_test_93'),(136,0,'devicesettings','DS_Resolution_Invalid_value_test_94'),(137,0,'devicesettings','DS_Resolution_Persistent_118'),(138,0,'devicesettings','DS_Resolution_PortStateChange_120'),(139,0,'devicesettings','DS_Resolution_PowerModeChange_121'),(140,0,'devicesettings','DS_Resolution_STRESS_test_112'),(141,0,'devicesettings','DS_SetAudioLevel test_06'),(142,0,'devicesettings','DS_SetAudioLevel_Maximum_test_52'),(143,0,'devicesettings','DS_SetAudioLevel_Minimum_test_51'),(144,0,'devicesettings','DS_SetAudioLevel_STRESS_test_106'),(145,0,'devicesettings','DS_SetAudioLevel_value in range_test_53'),(146,0,'devicesettings','DS_SetAudioLevel_value outof range_test_54'),(147,0,'devicesettings','DS_SetBlink test_03'),(148,0,'devicesettings','DS_SetBlink_Invalid_test_39'),(149,0,'devicesettings','DS_SetBlink_outofrange_test_40'),(150,0,'devicesettings','DS_SetBlink_STRESS_test_102'),(151,0,'devicesettings','DS_SetBlink_valid_test_38'),(152,0,'devicesettings','DS_SetblueColor_INVALID_LED_32'),(153,0,'devicesettings','DS_SetblueColor_MESSAGE_LED_27'),(154,0,'devicesettings','DS_SetblueColor_POWER_LED_31'),(155,0,'devicesettings','DS_SetblueColor_RECORD_LED_28'),(156,0,'devicesettings','DS_SetblueColor_REMOTE_LED_30'),(157,0,'devicesettings','DS_SetblueColor_RFBYPASS_LED_29'),(158,0,'devicesettings','DS_SetBrightness test_01'),(159,0,'devicesettings','DS_SetBrightness_Maximum value test_24'),(160,0,'devicesettings','DS_SetBrightness_Minimum value test_23'),(161,0,'devicesettings','DS_SetBrightness_STRESS_test_100'),(162,0,'devicesettings','DS_SetBrightness_value in range test_25'),(163,0,'devicesettings','DS_SetBrightness_value out of range test_26'),(164,0,'devicesettings','DS_SetColor test_02'),(165,0,'devicesettings','DS_SetColor_green test_33'),(166,0,'devicesettings','DS_SetColor_invalid_test_37'),(167,0,'devicesettings','DS_SetColor_orange test_36'),(168,0,'devicesettings','DS_SetColor_red test_34'),(169,0,'devicesettings','DS_SetColor_STRESS_test_101'),(170,0,'devicesettings','DS_SetColor_yellow test_35'),(171,0,'devicesettings','DS_SetCompression test_11'),(172,0,'devicesettings','DS_SetCompression_HEAVY_FORMAT_66'),(173,0,'devicesettings','DS_SetCompression_INVALID_FORMAT_68'),(174,0,'devicesettings','DS_SetCompression_LIGHT_FORMAT_64'),(175,0,'devicesettings','DS_SetCompression_MEDIUM_FORMAT_65'),(176,0,'devicesettings','DS_SetCompression_NONE_67'),(177,0,'devicesettings','DS_SetCompression_STRESS_test_109'),(178,0,'devicesettings','DS_SetDB test_07'),(179,0,'devicesettings','DS_SetDB_Invalid_Value_test_58'),(180,0,'devicesettings','DS_SetDB_Maximum_test_55'),(181,0,'devicesettings','DS_SetDB_Minimum_test_56'),(182,0,'devicesettings','DS_SetDb_STRESS_test_107'),(183,0,'devicesettings','DS_SetDB_valid_value_test_57'),(184,0,'devicesettings','DS_SetDFC test_15'),(185,0,'devicesettings','DS_SetDFC_CCO_ZOOM_test_77'),(186,0,'devicesettings','DS_SetDFC_FULL_ZOOM_test_75'),(187,0,'devicesettings','DS_SetDFC_INVALID_ZOOM_test_81'),(188,0,'devicesettings','DS_SetDFC_None_ZOOM_test_74'),(189,0,'devicesettings','DS_SetDFC_PanScan_ZOOM_test_78'),(190,0,'devicesettings','DS_SetDFC_Pillarbox4x3_ZOOM_test_80'),(191,0,'devicesettings','DS_SetDFC_PLATFORM_ZOOM_test_76'),(192,0,'devicesettings','DS_SetDFC_STRESS_test_111'),(193,0,'devicesettings','DS_SetDFC_Zoom16x9_test_79'),(194,0,'devicesettings','DS_SetEncoding test_10'),(195,0,'devicesettings','DS_SetEncoding_AC3_FORMAT_test_59'),(196,0,'devicesettings','DS_SetEncoding_DISPLAY_FORMAT_test_61'),(197,0,'devicesettings','DS_SetEncoding_Invalid_FORMAT_test_63'),(198,0,'devicesettings','DS_SetEncoding_NONE_test_62'),(199,0,'devicesettings','DS_SetEncoding_PCM_FORMAT_test_60'),(200,0,'devicesettings','DS_SetEncoding_STRESS_test_108'),(201,0,'devicesettings','DS_SetPowerMode_Invalid_test_98'),(202,0,'devicesettings','DS_SetPowerMode_OFF_test_96'),(203,0,'devicesettings','DS_SetPowerMode_ON_test_95'),(204,0,'devicesettings','DS_SetPowerMode_STANDBY_test_97'),(205,0,'devicesettings','DS_SetPowerMode_STRESS_test_99'),(206,0,'devicesettings','DS_SetScroll test_05'),(207,0,'devicesettings','DS_SetScroll_Maximum_Value_test_49'),(208,0,'devicesettings','DS_SetScroll_Middle_Value_test_50'),(209,0,'devicesettings','DS_SetScroll_Minimum_Value_test_48'),(210,0,'devicesettings','DS_SetScroll_STRESS_test_105'),(211,0,'devicesettings','DS_SetState_Stress_115'),(212,0,'devicesettings','DS_SetStereoModes test_12'),(213,0,'devicesettings','DS_SetStereoMode_INVALID_FORMAT_73'),(214,0,'devicesettings','DS_SetStereoMode_MONO_FORMAT_69'),(215,0,'devicesettings','DS_SetStereoMode_STEREO_FORMAT_70'),(216,0,'devicesettings','DS_SetStereoMode_STRESS_test_110'),(217,0,'devicesettings','DS_SetStereoMode_SURROUND_FORMAT_71'),(218,0,'devicesettings','DS_SetStereoMode_UNKNOWN_72'),(219,0,'devicesettings','DS_SetTextDisplay_test_46'),(220,0,'devicesettings','DS_SetText_STRESS_test_104'),(221,0,'devicesettings','DS_SetTimeFormat_and_Time test_04'),(222,0,'devicesettings','DS_SetTime_12HR_FORMAT_41'),(223,0,'devicesettings','DS_SetTime_24HR_FORMAT_42'),(224,0,'devicesettings','DS_SetTime_FORMAT_STRESS_test_103'),(225,0,'devicesettings','DS_SetTime_INVALID_45'),(226,0,'devicesettings','DS_SetTime_INVALID_FORMAT_44'),(227,0,'devicesettings','DS_SetTime_STRING_FORMAT_43'),(228,0,'devicesettings','DS_TextBrightness_Persistent_117'),(230,0,'tdk_integration','E2E_DVRTrickPlay_Fwd_0.5x_03'),(231,0,'tdk_integration','E2E_DVRTrickPlay_Fwd_15x_07'),(232,0,'tdk_integration','E2E_DVRTrickPlay_Fwd_30x_09'),(233,0,'tdk_integration','E2E_DVRTrickPlay_Fwd_4x_05'),(234,0,'tdk_integration','E2E_DVRTrickPlay_Fwd_60x_11'),(235,0,'tdk_integration','E2E_DVRTrickPlay_Invalid_PlaySpeed_12'),(236,0,'tdk_integration','E2E_DVRTrickPlay_Rwd_0.5x_02'),(237,0,'tdk_integration','E2E_DVRTrickPlay_Rwd_15x_06'),(238,0,'tdk_integration','E2E_DVRTrickPlay_Rwd_30x_08'),(239,0,'tdk_integration','E2E_DVRTrickPlay_Rwd_4x_04'),(240,0,'tdk_integration','E2E_DVRTrickPlay_Rwd_60x_10'),(241,0,'tdk_integration','E2E_DVR_Invalid_TimePosition_13'),(242,0,'tdk_integration','E2E_DVR_PlayBack_01'),(243,0,'tdk_integration','E2E_DVR_Skip_Fwd_15'),(244,0,'tdk_integration','E2E_DVR_Skip_Rwd_14'),(245,0,'tdk_integration','E2E_LinearTV_H.264_AAC_26'),(246,0,'tdk_integration','E2E_LinearTV_H.264_AC3_25'),(247,0,'tdk_integration','E2E_LinearTV_H.264_MP3_27'),(248,0,'tdk_integration','E2E_LinearTV_H.264_WAV_28'),(249,0,'tdk_integration','E2E_LinearTV_Live_Trickplay_FFW_15x_11'),(250,0,'tdk_integration','E2E_LinearTV_Live_Trickplay_FFW_30x_12'),(251,0,'tdk_integration','E2E_LinearTV_Live_Trickplay_FFW_4x_10'),(252,0,'tdk_integration','E2E_LinearTV_Live_Trickplay_FFW_60x_13'),(253,0,'tdk_integration','E2E_LinearTV_Live_Trickplay_FRW_15x_14'),(254,0,'tdk_integration','E2E_LinearTV_Live_Trickplay_FRW_30x_15'),(255,0,'tdk_integration','E2E_LinearTV_Live_Trickplay_FRW_4x_09'),(256,0,'tdk_integration','E2E_LinearTV_Live_Trickplay_FRW_60x_16'),(257,0,'tdk_integration','E2E_LinearTV_Live_Trickplay_SFW_0.5x_08'),(258,0,'tdk_integration','E2E_LinearTV_Live_Trickplay_SRW_0.5x_07'),(259,0,'tdk_integration','E2E_LinearTV_MPEG2_AAC_19'),(260,0,'tdk_integration','E2E_LinearTV_MPEG2_MP3_21'),(261,0,'tdk_integration','E2E_LinearTV_MPEG2_WAV_23'),(262,0,'tdk_integration','E2E_LinearTV_MPEG4_AAC_20'),(263,0,'tdk_integration','E2E_LinearTV_MPEG4_AC3_18'),(264,0,'tdk_integration','E2E_LinearTV_MPEG4_MP3_22'),(265,0,'tdk_integration','E2E_LinearTV_MPEG4_WAV_24'),(266,0,'tdk_integration','E2E_LinearTV_MPEG_AC3_17'),(267,0,'tdk_integration','E2E_LinearTV_TuneHD-HD_06'),(268,0,'tdk_integration','E2E_LinearTV_TuneHD-SD_05'),(269,0,'tdk_integration','E2E_LinearTV_TuneHD_02'),(270,0,'tdk_integration','E2E_LinearTV_TuneSD-HD_04'),(271,0,'tdk_integration','E2E_LinearTV_TuneSD-SD_03'),(272,0,'tdk_integration','E2E_LinearTV_TuneSD_01'),(273,0,'rmfapp','E2E_rmfapp_help_and_quit'),(274,0,'rmfapp','E2e_rmfApp_ls_quit'),(275,0,'rmfapp','E2E_rmfApp_play_and_quit'),(276,0,'rmfapp','E2E_rmfapp_record_and_quit'),(277,0,'tdk_integration','E2E_RMF_backtoback_record_samechannel'),(278,0,'tdk_integration','E2E_RMF_DVR_book_record_playback'),(279,0,'tdk_integration','E2E_RMF_DVR_playback_H264'),(280,0,'tdk_integration','E2E_RMF_DVR_playback_ongoingrecord_liverecord'),(281,0,'tdk_integration','E2E_RMF_DVR_playback_radiochannel'),(282,0,'tdk_integration','E2E_RMF_DVR_playback_reccont_lessthanoneminute'),(283,0,'tdk_integration','E2E_RMF_DVR_playback_recordcont_liveplayback_AudioChannel'),(284,0,'tdk_integration','E2E_RMF_DVR_simultaneous_recording_dvrplayback'),(285,0,'tdk_integration','E2E_RMF_DVR_TrickPlay_01'),(286,0,'tdk_integration','E2E_RMF_DVR_TrickPlay_02'),(287,0,'tdk_integration','E2E_RMF_DVR_TrickPlay_03'),(288,0,'tdk_integration','E2E_RMF_DVR_TrickPlay_04'),(289,0,'tdk_integration','E2E_RMF_DVR_TrickPlay_05'),(292,0,'tdk_integration','E2E_RMF_DVR_TrickPlay_08'),(293,0,'tdk_integration','E2E_RMF_DVR_TrickPlay_09'),(294,0,'tdk_integration','E2E_RMF_DVR_TrickPlay_10'),(295,0,'tdk_integration','E2E_RMF_DVR_TrickPlay_13'),(296,0,'tdk_integration','E2E_RMF_DVR_TrickPlay_14'),(297,0,'tdk_integration','E2E_RMF_DVR_TrickPlay_15'),(298,0,'tdk_integration','E2E_RMF_DVR_TrickPlay_16'),(299,0,'tdk_integration','E2E_RMF_DVR_TrickPlay_17'),(300,0,'tdk_integration','E2E_RMF_DVR_TrickPlay_18'),(301,0,'tdk_integration','E2E_RMF_DVR_TrickPlay_19'),(302,0,'tdk_integration','E2E_RMF_DVR_TrickPlay_20'),(303,0,'tdk_integration','E2E_RMF_DVR_TrickPlay_21'),(304,0,'tdk_integration','E2E_RMF_DVR_TrickPlay_22'),(305,0,'tdk_integration','E2E_RMF_DVR_TrickPlay_25'),(306,0,'tdk_integration','E2E_RMF_DVR_TrickPlay_26'),(307,0,'tdk_integration','E2E_RMF_DVR_TrickPlay_27'),(308,0,'tdk_integration','E2E_RMF_DVR_TrickPlay_28'),(309,0,'tdk_integration','E2E_RMF_DVR_TrickPlay_29'),(310,0,'tdk_integration','E2E_RMF_DVR_TrickPlay_30'),(311,0,'tdk_integration','E2E_RMF_DVR_TrickPlay_31'),(312,0,'tdk_integration','E2E_RMF_DVR_TrickPlay_32'),(313,0,'tdk_integration','E2E_RMF_DVR_TrickPlay_33'),(314,0,'tdk_integration','E2E_RMF_DVR_TrickPlay_34'),(315,0,'tdk_integration','E2E_RMF_DVR_TrickPlay_35'),(316,0,'tdk_integration','E2E_RMF_DVR_TrickPlay_36'),(317,0,'tdk_integration','E2E_RMF_DVR_TrickPlay_37'),(318,0,'tdk_integration','E2E_RMF_DVR_TrickPlay_38'),(319,0,'tdk_integration','E2E_RMF_DVR_TrickPlay_39'),(320,0,'tdk_integration','E2E_RMF_DVR_TrickPlay_40'),(321,0,'tdk_integration','E2E_RMF_DVR_TrickPlay_41'),(322,0,'tdk_integration','E2E_RMF_DVR_TrickPlay_43'),(323,0,'tdk_integration','E2E_RMF_DVR_TrickPlay_44'),(324,0,'tdk_integration','E2E_RMF_DVR_TrickPlay_45'),(325,0,'tdk_integration','E2E_RMF_DVR_TrickPlay_46'),(326,0,'tdk_integration','E2E_RMF_DVR_TrickPlay_48'),(327,0,'tdk_integration','E2E_RMF_DVR_TrickPlay_49'),(328,0,'tdk_integration','E2E_RMF_DVR_TrickPlay_50'),(329,0,'tdk_integration','E2E_RMF_DVR_TrickPlay_51'),(330,0,'tdk_integration','E2E_RMF_DVR_TrickPlay_52'),(331,0,'tdk_integration','E2E_RMF_DVR_TrickPlay_54'),(332,0,'tdk_integration','E2E_RMF_DVR_TrickPlay_55'),(333,0,'tdk_integration','E2E_RMF_DVR_trickplay_currentrecord_liveplayback'),(334,0,'tdk_integration','E2E_RMF_DVR_trickplay_recordcont_liveplayback_radiochannel'),(335,0,'tdk_integration','E2E_RMF_H264_Recording'),(336,0,'tdk_integration','E2E_RMF_HDtoRadioChannel'),(337,0,'tdk_integration','E2E_RMF_LinearTV_ClosedCaption_LivePlayback'),(338,0,'tdk_integration','E2E_RMF_LinearTV_DSSetMute_PowerMode_LivePlayback'),(339,0,'tdk_integration','E2E_RMF_LinearTV_DSSetPowerMode_LivePlayback'),(340,0,'tdk_integration','E2E_RMF_LinearTV_DSSetResolution_LivePlayback'),(341,0,'tdk_integration','E2E_RMF_LinearTV_DSSetResolution_Reboot_LivePlayback'),(342,0,'tdk_integration','E2E_Rmf_LinearTV_H.264_AAC_26'),(343,0,'tdk_integration','E2E_Rmf_LinearTV_H.264_AC3_25'),(344,0,'tdk_integration','E2E_Rmf_LinearTV_H.264_MP3_27'),(345,0,'tdk_integration','E2E_Rmf_LinearTV_H.264_WAV_28'),(346,0,'tdk_integration','E2E_Rmf_LinearTV_MPEG2_AAC_19'),(347,0,'tdk_integration','E2E_Rmf_LinearTV_MPEG2_AC3_17'),(348,0,'tdk_integration','E2E_Rmf_LinearTV_MPEG2_MP3_21'),(349,0,'tdk_integration','E2E_Rmf_LinearTV_MPEG2_WAV_23'),(350,0,'tdk_integration','E2E_Rmf_LinearTV_MPEG4_AAC_20'),(351,0,'tdk_integration','E2E_Rmf_LinearTV_MPEG4_AC3_18'),(352,0,'tdk_integration','E2E_Rmf_LinearTV_MPEG4_MP3_22'),(353,0,'tdk_integration','E2E_Rmf_LinearTV_MPEG4_WAV_24'),(354,0,'tdk_integration','E2E_RMF_LinearTV_Stress_HD_LivePlayback_Longduration'),(355,0,'tdk_integration','E2E_RMF_LinearTV_Stress_LiveDvrPlay_LongDuration'),(356,0,'tdk_integration','E2E_RMF_LinearTV_Stress_LivePlayback_Longduration'),(357,0,'tdk_integration','E2E_RMF_LinearTV_Stress_LivePlay_SwitchingChannel_LongDuration'),(358,0,'tdk_integration','E2E_Rmf_LinearTV_TuneHD-HD_06'),(359,0,'tdk_integration','E2E_Rmf_LinearTV_TuneHD-SD_05'),(360,0,'tdk_integration','E2E_RMF_LinearTV_TuneHD_02'),(361,0,'tdk_integration','E2E_Rmf_LinearTV_TuneSD-HD_04'),(362,0,'tdk_integration','E2E_Rmf_LinearTV_TuneSD-SD_03'),(363,0,'tdk_integration','E2E_Rmf_LinearTV_TuneSD_01'),(364,0,'tdk_integration','E2E_RMF_LinearTV_Tune_InvalidChannel'),(365,0,'tdk_integration','E2E_RMF_LinearTV_Tune_SameChannel'),(366,0,'tdk_integration','E2E_RMF_MDVR_Delete_PausePlay_SameRecord'),(367,0,'tdk_integration','E2E_RMF_MDVR_Delete_SameRecord'),(368,0,'tdk_integration','E2E_RMF_MDVR_Delete_TrickPlay_SameRecord'),(369,0,'tdk_integration','E2E_RMF_MDVR_DvrPlay_DiffUrl'),(370,0,'tdk_integration','E2E_RMF_MDVR_DvrPlay_SameUrl'),(371,1,'tdk_integration','E2E_RMF_DVR_FastForward_Rewind'),(372,1,'tdk_integration','E2E_RMF_DVR_SkipForward_backward_Multiple'),(373,0,'tdk_integration','E2E_RMF_MDVR_Gateway_Client_PausePlay_SameRecord'),(374,0,'tdk_integration','E2E_RMF_MDVR_Gateway_Client_SameRecord'),(375,0,'tdk_integration','E2E_RMF_MDVR_LivePlayPause'),(376,0,'tdk_integration','E2E_RMF_MDVR_LivePlay_DiffUrl'),(377,0,'tdk_integration','E2E_RMF_MDVR_LivePlay_DvrPlay'),(378,0,'tdk_integration','E2E_RMF_MDVR_LivePlay_SameUrl'),(379,0,'tdk_integration','E2E_RMF_MDVR_Max_LivePlay'),(380,0,'tdk_integration','E2E_RMF_MDVR_Max_ScheduleRecording'),(381,0,'tdk_integration','E2E_RMF_MDVR_Max_ScheduleRecording_Neg'),(382,0,'tdk_integration','E2E_RMF_MDVR_PausePlay_SameRecord'),(383,0,'tdk_integration','E2E_RMF_MDVR_SchedLiveRec1_Play2'),(384,0,'tdk_integration','E2E_RMF_MDVR_SchedRec1_Play2'),(385,0,'tdk_integration','E2E_RMF_MDVR_SchedRec_SameChannelSimul'),(386,0,'tdk_integration','E2E_RMF_MDVR_TrickPlay_Gateway_Client_SameRecord'),(387,0,'tdk_integration','E2E_RMF_MDVR_TrickPlay_RadioChannel'),(388,0,'tdk_integration','E2E_RMF_MDVR_TrickPlay_SameRecord'),(389,0,'tdk_integration','E2E_RMF_Multiple_future_recording'),(390,0,'tdk_integration','E2E_RMF_RadioChanneltoHD'),(391,0,'tdk_integration','E2E_RMF_RadioChannel_Recording'),(392,0,'tdk_integration','E2E_RMF_recording_alreadyRecordservice'),(393,0,'tdk_integration','E2E_RMF_Recording_standbymode'),(394,0,'tdk_integration','E2E_RMF_RF_Video_01'),(395,0,'tdk_integration','E2E_RMF_RF_Video_02'),(396,0,'tdk_integration','E2E_RMF_RF_Video_03'),(397,0,'tdk_integration','E2E_RMF_RF_Video_04'),(398,0,'tdk_integration','E2E_RMF_RF_Video_05'),(399,0,'tdk_integration','E2E_RMF_RF_Video_06'),(400,0,'tdk_integration','E2E_RMF_RF_Video_07'),(401,0,'tdk_integration','E2E_RMF_RF_Video_08'),(402,0,'tdk_integration','E2E_RMF_RF_Video_09'),(403,0,'tdk_integration','E2E_RMF_RF_Video_12'),(404,0,'tdk_integration','E2E_RMF_RF_Video_13'),(405,0,'tdk_integration','E2E_RMF_RF_Video_14'),(406,0,'tdk_integration','E2E_RMF_RF_Video_15'),(407,0,'tdk_integration','E2E_RMF_RF_Video_16'),(408,0,'tdk_integration','E2E_RMF_RF_Video_17'),(409,0,'tdk_integration','E2E_RMF_RF_Video_18'),(410,0,'tdk_integration','E2E_RMF_simultaneous_recording'),(411,0,'tdk_integration','E2E_RMF_simultaneous_recording_liveplayback'),(412,0,'tdk_integration','E2E_RMF_standbymode_beforeRecording'),(413,0,'tdk_integration','E2E_RMF_switching_live_TSB'),(414,0,'tdk_integration','E2E_RMF_TSB_FFW_30x_07'),(415,0,'tdk_integration','E2E_RMF_TSB_FFW_60x_09'),(416,0,'tdk_integration','E2E_RMF_TSB_FFW_FFW_15x_15x_41'),(417,0,'tdk_integration','E2E_RMF_TSB_FFW_FFW_15x_4x_29'),(418,0,'tdk_integration','E2E_RMF_TSB_FFW_FFW_30x_15_42'),(419,0,'tdk_integration','E2E_RMF_TSB_FFW_FFW_30x_4x_31'),(420,0,'tdk_integration','E2E_RMF_TSB_FFW_FFW_60x_15x_44'),(421,0,'tdk_integration','E2E_RMF_TSB_FFW_FFW_60x_30x_51'),(422,0,'tdk_integration','E2E_RMF_TSB_FFW_FFW_60x_4x_33'),(423,0,'tdk_integration','E2E_RMF_TSB_FFW_FRW_15x_4x_35'),(424,0,'tdk_integration','E2E_RMF_TSB_FFW_FRW_30x_15x_46'),(425,0,'tdk_integration','E2E_RMF_TSB_FFW_FRW_30x_4x_37'),(426,0,'tdk_integration','E2E_RMF_TSB_FFW_FRW_60x_15x_48'),(427,0,'tdk_integration','E2E_RMF_TSB_FFW_FRW_60x_30x_53'),(428,0,'tdk_integration','E2E_RMF_TSB_FFW_FRW_60x_4x_39'),(429,0,'tdk_integration','E2E_RMF_TSB_FFW_SFW_15x_0.5x_14'),(430,0,'tdk_integration','E2E_RMF_TSB_FFW_SFW_30x_0.5x_16'),(431,0,'tdk_integration','E2E_RMF_TSB_FFW_SFW_4x_0.5x_12'),(432,0,'tdk_integration','E2E_RMF_TSB_FFW_SFW_60x_0.5x_18'),(433,0,'tdk_integration','E2E_RMF_TSB_FFW_SRW_15x_0.5x_22'),(434,0,'tdk_integration','E2E_RMF_TSB_FFW_SRW_30x_0.5x_24'),(435,0,'tdk_integration','E2E_RMF_TSB_FFW_SRW_4x_0.5x_20'),(436,0,'tdk_integration','E2E_RMF_TSB_FFW_SRW_60x_0.5x_26'),(437,0,'tdk_integration','E2E_RMF_TSB_FRW_15x_06'),(438,0,'tdk_integration','E2E_RMF_TSB_FRW_30x_08'),(439,0,'tdk_integration','E2E_RMF_TSB_FRW_60x_10'),(440,0,'tdk_integration','E2E_RMF_TSB_FRW_FFW_15x_4x_30'),(441,0,'tdk_integration','E2E_RMF_TSB_FRW_FFW_30x_15x_43'),(442,0,'tdk_integration','E2E_RMF_TSB_FRW_FFW_30x_4x_32'),(443,0,'tdk_integration','E2E_RMF_TSB_FRW_FFW_4x_4x_28'),(444,0,'tdk_integration','E2E_RMF_TSB_FRW_FFW_60x_15x_45'),(445,0,'tdk_integration','E2E_RMF_TSB_FRW_FFW_60x_30x_52'),(446,0,'tdk_integration','E2E_RMF_TSB_FRW_FFW_60x_4x_34'),(447,0,'tdk_integration','E2E_RMF_TSB_FRW_FFW_60x_55'),(448,0,'tdk_integration','E2E_RMF_TSB_FRW_FRW_ 60x_30x_54'),(449,0,'tdk_integration','E2E_RMF_TSB_FRW_FRW_15x_4x_36'),(450,0,'tdk_integration','E2E_RMF_TSB_FRW_FRW_30x_15x_47'),(451,0,'tdk_integration','E2E_RMF_TSB_FRW_FRW_30x_4x_38'),(452,0,'tdk_integration','E2E_RMF_TSB_FRW_FRW_60x_15x_49'),(453,0,'tdk_integration','E2E_RMF_TSB_FRW_FRW_60x_4x_40'),(454,0,'tdk_integration','E2E_RMF_TSB_FRW_SFW_15x_0.5x_15'),(455,0,'tdk_integration','E2E_RMF_TSB_FRW_SFW_30x_0.5x_17'),(456,0,'tdk_integration','E2E_RMF_TSB_FRW_SFW_4x_0.5x_13'),(457,0,'tdk_integration','E2E_RMF_TSB_FRW_SFW_60x_0.5x_19'),(458,0,'tdk_integration','E2E_RMF_TSB_FRW_SRW_15x_0.5x_23'),(459,0,'tdk_integration','E2E_RMF_TSB_FRW_SRW_30x_0.5x_25'),(460,0,'tdk_integration','E2E_RMF_TSB_FRW_SRW_4x_0.5x_21'),(461,0,'tdk_integration','E2E_RMF_TSB_FRW_SRW_60x_0.5x_27'),(462,0,'tdk_integration','E2E_RMF_TSB_FW_0.5x_01'),(463,0,'tdk_integration','E2E_RMF_TSB_FW_15x_05'),(464,0,'tdk_integration','E2E_RMF_TSB_FW_4x_03'),(465,0,'tdk_integration','E2E_RMF_TSB_FW_RW_0.5x_11'),(466,0,'tdk_integration','E2E_RMF_TSB_Recording'),(467,0,'tdk_integration','E2E_RMF_TSB_RFW_FFW_30x_30x_50'),(468,0,'tdk_integration','E2E_RMF_TSB_RW_0.5x_02'),(469,0,'tdk_integration','E2E_RMF_TSB_RW_4x_04'),(470,0,'openSource_components','Glib_Test'),(471,0,'gst-plugins-rdk','GstPluginRdk_Aesdecrypt_DecryptEnable_False'),(472,0,'gst-plugins-rdk','GstPluginRdk_Aesdecrypt_DecryptEnable_Get_Default'),(473,0,'gst-plugins-rdk','GstPluginRdk_Aesdecrypt_DecryptEnable_Invalid'),(474,0,'gst-plugins-rdk','GstPluginRdk_Aesdecrypt_DecryptEnable_Negative'),(475,0,'gst-plugins-rdk','GstPluginRdk_Aesdecrypt_DecryptEnable_True'),(476,0,'gst-plugins-rdk','GstPluginRdk_Aesencrypt_EncryptEnable_Get_Default'),(477,0,'gst-plugins-rdk','GstPluginRdk_Aesencrypt_EncryptionEnable_False'),(478,0,'gst-plugins-rdk','GstPluginRdk_Aesencrypt_EncryptionEnable_Invalid'),(479,0,'gst-plugins-rdk','GstPluginRdk_Aesencrypt_EncryptionEnable_Negative'),(480,0,'gst-plugins-rdk','GstPluginRdk_Aesencrypt_EncryptionEnable_True'),(481,0,'gst-plugins-rdk','GstPluginRdk_Dvrsink_Ccivalue_Get_Prop_Default'),(482,0,'gst-plugins-rdk','GstPluginRdk_Dvrsink_RecordId_Get_Prop_Default'),(483,0,'gst-plugins-rdk','GstPluginRdk_Dvrsink_RecordId_Set_Prop'),(484,0,'gst-plugins-rdk','GstPluginRdk_Dvrsrc_Ccivalue_Get_Prop_Default'),(485,0,'gst-plugins-rdk','GstPluginRdk_Dvrsrc_Duration_Get_Prop_Default'),(486,0,'gst-plugins-rdk','GstPluginRdk_Dvrsrc_PlayStartPosition_Get_Prop_Default'),(487,0,'gst-plugins-rdk','GstPluginRdk_Dvrsrc_PlayStartPosition_Set_Prop'),(488,0,'gst-plugins-rdk','GstPluginRdk_Dvrsrc_PlayStartPosition_Set_Prop_Negative'),(489,0,'gst-plugins-rdk','GstPluginRdk_Dvrsrc_Rate_Get_Prop_Default'),(490,0,'gst-plugins-rdk','GstPluginRdk_Dvrsrc_Rate_Set_Prop'),(491,0,'gst-plugins-rdk','GstPluginRdk_Dvrsrc_Rate_Set_Prop_ValueGreater_64'),(492,0,'gst-plugins-rdk','GstPluginRdk_Dvrsrc_Rate_Set_Prop_ValueLesser_Negative64'),(493,0,'gst-plugins-rdk','GstPluginRdk_Dvrsrc_RecordId_Get_Prop_Default'),(494,0,'gst-plugins-rdk','GstPluginRdk_Dvrsrc_RecordId_Set_Prop'),(495,0,'gst-plugins-rdk','GstPluginRdk_Dvrsrc_SegmentName_Get_Prop_Default'),(496,0,'gst-plugins-rdk','GstPluginRdk_Dvrsrc_SegmentName_Set_Prop'),(497,0,'gst-plugins-rdk','GstPluginRdk_Dvrsrc_StartTime_Get_Prop_Default'),(498,0,'openSource_components','GstreamerBasePluginTest'),(499,0,'openSource_components','GstreamerGoodPluginTest'),(500,0,'openSource_components','GstreamerTest'),(501,0,'iarmbus','IARMBUS Broadcast IR event'),(502,0,'iarmbus','IARMBUS Broadcast ResolutionChange Event test'),(503,0,'iarmbus','IARMBUS BusCall MFR- Provision Code test'),(504,0,'iarmbus','IARMBUS BusCall MFR-Board description test'),(505,0,'iarmbus','IARMBUS BusCall MFR-Board Product Class test'),(506,0,'iarmbus','IARMBUS BusCall MFR-First Use Date test'),(507,0,'iarmbus','IARMBUS BusCall MFR-Hardware version test'),(508,0,'iarmbus','IARMBUS BusCall MFR-Model Name test'),(509,0,'iarmbus','IARMBUS BusCall MFR-OUI test'),(510,0,'iarmbus','IARMBUS BusCall MFR-SerialNumber test'),(511,0,'iarmbus','IARMBUS BusCall MFR-Software version test'),(512,0,'iarmbus','IARMBUS BusCall MFR-STB Manufature Name test'),(513,0,'iarmbus','IARMBUS BusCall test'),(514,0,'iarmbus','IARMBUS Connect & Disconnect test'),(515,0,'iarmbus','IARMBUS Init Negative test'),(516,0,'iarmbus','IARMBUS IsConnected test'),(517,0,'iarmbus','IARMBUS Query Key Repeat Interval test'),(518,0,'iarmbus','IARMBUS Query Power state'),(519,0,'iarmbus','IARMBUS Register for Resource Available event test'),(520,0,'iarmbus','IARMBUS RegisterCall test'),(521,0,'iarmbus','IARMBUS RegisterEventMax'),(522,0,'iarmbus','IARMBUS Release Resource test'),(523,0,'iarmbus','IARMBUS Request decoder-0 test'),(524,0,'iarmbus','IARMBUS Request decoder-1 test'),(525,0,'iarmbus','IARMBUS Request display_resolution_change  test'),(526,0,'iarmbus','IARMBUS Request graphics plane-0 test'),(527,0,'iarmbus','IARMBUS Request graphics plane-1 test'),(528,0,'iarmbus','IARMBUS Request power  test'),(529,0,'iarmbus','IARMBUS Request same resource from same application test'),(530,0,'iarmbus','IARMBUS Request same resource in different application test'),(531,0,'iarmbus','IARMBUS Set Key Repeat Interval test'),(532,0,'iarmbus','IARMBUS Set Power state'),(533,0,'iarmbus','IARMBUS Unregister with out Register Event Handler test'),(534,0,'iarmbus','IARMBUS unregisterEvt Handler test'),(535,0,'iarmbus','IARMBUS_BusCall_MFR-DeletePDRI_image_61'),(536,0,'iarmbus','IARMBUS_BusCall_MFR-Device_MAC_58'),(537,0,'iarmbus','IARMBUS_BusCall_MFR-HDMIHDCP_60'),(538,0,'iarmbus','IARMBUS_BusCall_MFR-MOCA_MAC_59'),(539,0,'iarmbus','IARMBUS_BusCall_MFR-Scruballbanks_62'),(540,0,'iarmbus','IARMBUS_BusCall_MFR-Validateandwriteimage_into_flash_63'),(541,0,'iarmbus','IARMBUS_Disconnect_without_connect_55'),(542,0,'iarmbus','IARMBUS_DiskMgr_Event_HwDisk_18'),(543,0,'iarmbus','IARMBUS_DummyCall_Persistent_test'),(544,0,'iarmbus','IARMBUS_DummyEvt_Persistent_test'),(545,0,'iarmbus','IARMBUS_Init_with_Invalidparameter_test_43'),(546,0,'iarmbus','IARMBUS_Init_with_Invalid_App_test_44'),(547,0,'iarmbus','IARMBUS_IsConnected_Invalid_Membername_54'),(548,0,'iarmbus','IARMBUS_IsConnect_STRESS_57'),(549,0,'iarmbus','IARMBUS_IsConnect_Without_Connect_53'),(550,0,'iarmbus','IARMBUS_RegisterEvtHandler_With_NegId_48'),(551,0,'iarmbus','IARMBUS_RegisterEvtHandler_With_PosId_47'),(552,0,'iarmbus','IARMBUS_RegUnReg_STRESS_51'),(553,0,'iarmbus','IARMBUS_Release_Invalid_Resource_52'),(554,0,'iarmbus','IARMBUS_Request_FOCUS_Resource_50'),(555,0,'iarmbus','IARMBUS_Request_Invalid_Resource_49'),(556,0,'iarmbus','IARMBUS_Request_resource_STRESS_56'),(557,0,'iarmbus','IARMBUS_Reset_WareHouse_state_64'),(558,0,'iarmbus','IARMBUS_Term_Without_Init_42'),(559,0,'iarmbus','IARMBUS_unregisterEvtHandler_With_PosId_45'),(560,0,'iarmbus','IARM_BUS_DiskMgr_Event_ExtHDD_19'),(561,0,'iarmbus','IARM_BUS_DiskMgr_Event_ExtHDD_Off_22'),(562,0,'iarmbus','IARM_BUS_DiskMgr_Event_ExtHDD_On_21'),(563,0,'iarmbus','IARM_BUS_DiskMgr_Event_ExtHDD_Pair_20'),(564,0,'iarmbus','IARM_BUS_IRMgr_IRKey_ChangeChannelVol'),(565,0,'iarmbus','IARM_BUS_IRMgr_IRKey_CheckSearch'),(566,0,'iarmbus','IARM_BUS_IRMgr_IRKey_CheckSetup'),(567,0,'iarmbus','IARM_BUS_IRMgr_IRKey_CheckTrickplay'),(568,0,'iarmbus','IARM_BUS_IRMgr_IRKey_Toggle'),(569,0,'iarmbus','IARM_BUS_SysMgr_Event_Card_FwDNLD_73'),(570,0,'iarmbus','IARM_BUS_SysMgr_Event_HDCPProfile_update_74'),(571,0,'iarmbus','IARM_BUS_SysMgr_Event_SysState_70'),(572,0,'iarmbus','IARM_BUS_SysMgr_Event_SysState_BootUp_66'),(573,0,'iarmbus','IARM_BUS_SysMgr_Event_SysState_CableCardDWLD_99'),(574,0,'iarmbus','IARM_BUS_SysMgr_Event_SysState_CableCard_98'),(575,0,'iarmbus','IARM_BUS_SysMgr_Event_SysState_CableCard_SerialNo_104'),(576,0,'iarmbus','IARM_BUS_SysMgr_Event_SysState_CardCisco_Status_82'),(577,0,'iarmbus','IARM_BUS_SysMgr_Event_SysState_CASystem_90'),(578,0,'iarmbus','IARM_BUS_SysMgr_Event_SysState_ChannelMap_75'),(579,0,'iarmbus','IARM_BUS_SysMgr_Event_SysState_CMAC_79'),(580,0,'iarmbus','IARM_BUS_SysMgr_Event_SysState_CVRSubsystem_100'),(581,0,'iarmbus','IARM_BUS_SysMgr_Event_SysState_DACId_106'),(582,0,'iarmbus','IARM_BUS_SysMgr_Event_SysState_DAC_InitTimeStamp_103'),(583,0,'iarmbus','IARM_BUS_SysMgr_Event_SysState_DisconnectMGR_76'),(584,0,'iarmbus','IARM_BUS_SysMgr_Event_SysState_Docsis_95'),(585,0,'iarmbus','IARM_BUS_SysMgr_Event_SysState_Download_101'),(586,0,'iarmbus','IARM_BUS_SysMgr_Event_SysState_DsgBroadCastChannel_96'),(587,0,'iarmbus','IARM_BUS_SysMgr_Event_SysState_DSG_CATunnel_97'),(588,0,'iarmbus','IARM_BUS_SysMgr_Event_SysState_ECMIP_92'),(589,0,'iarmbus','IARM_BUS_SysMgr_Event_SysState_ECMMac_105'),(590,0,'iarmbus','IARM_BUS_SysMgr_Event_SysState_EstbIP_91'),(591,0,'iarmbus','IARM_BUS_SysMgr_Event_SysState_ExitOk_78'),(592,0,'iarmbus','IARM_BUS_SysMgr_Event_SysState_FirmwareDWLD_87'),(593,0,'iarmbus','IARM_BUS_SysMgr_Event_SysState_GetSetHDCPProfile_67'),(594,0,'iarmbus','IARM_BUS_SysMgr_Event_SysState_HDCPEnabled_85'),(595,0,'iarmbus','IARM_BUS_SysMgr_Event_SysState_HDCPProfileEvent_68'),(596,0,'iarmbus','IARM_BUS_SysMgr_Event_SysState_HDMIOut_84'),(597,0,'iarmbus','IARM_BUS_SysMgr_Event_SysState_HDMI_EDID_Ready_86'),(598,0,'iarmbus','IARM_BUS_SysMgr_Event_SysState_LANIP_93'),(599,0,'iarmbus','IARM_BUS_SysMgr_Event_SysState_Moca_94'),(600,0,'iarmbus','IARM_BUS_SysMgr_Event_SysState_MotoEntitlement_80'),(601,0,'iarmbus','IARM_BUS_SysMgr_Event_SysState_MotoHRVRX_81'),(602,0,'iarmbus','IARM_BUS_SysMgr_Event_SysState_PlantId_107'),(603,0,'iarmbus','IARM_BUS_SysMgr_Event_SysState_StbSerialNo_65'),(604,0,'iarmbus','IARM_BUS_SysMgr_Event_SysState_TimeSource_88'),(605,0,'iarmbus','IARM_BUS_SysMgr_Event_SysState_TimeZone_89'),(606,0,'iarmbus','IARM_BUS_SysMgr_Event_SysState_TuneReady_77'),(607,0,'iarmbus','IARM_BUS_SysMgr_Event_SysState_VideoPresenting_83'),(608,0,'iarmbus','IARM_BUS_SysMgr_Event_SysState_VOD_AD_102'),(609,0,'iarmbus','IARM_BUS_SysMgr_Event_XUPNP_Data_Request_71'),(610,0,'iarmbus','IARM_BUS_SysMgr_Event_XUPNP_Data_Update_72'),(611,0,'openSource_components','Jansson_Test'),(612,0,'openSource_components','libsoup_Test'),(613,0,'mediastreamer','MS_DVRTrickplay_Functionality_Test_09'),(614,0,'mediastreamer','MS_DVRTrickplay_Invalid_Playspeed_10'),(615,0,'mediastreamer','MS_DVRTrickplay_Invalid_Timeposition_11'),(616,0,'mediastreamer','MS_LiveTune_Improper_Requesturl_02'),(617,0,'mediastreamer','MS_LiveTune_Playback_07'),(618,0,'mediastreamer','MS_LiveTune_Valid_Request_01'),(619,0,'mediastreamer','MS_Recordedcontent_playback_08'),(620,0,'mediastreamer','MS_RecordingList_Format_Test_05'),(621,0,'mediastreamer','MS_Recording_Improper_Requesturl_04'),(622,0,'mediastreamer','MS_Recording_Metadata_Format_Test_06'),(623,0,'mediastreamer','MS_Recording_Request_03'),(624,0,'openSource_components','Openssl_Test'),(625,0,'openSource_components','Qt5Webkit_Test'),(626,0,'openSource_components','Qt5_Test'),(627,0,'openSource_components','QtTest_DirectFB'),(628,0,'openSource_components','QtTest_Intelce'),(629,0,'rdk_logger','RDKLogger_CheckMPELogEnabled'),(630,0,'rdk_logger','RDKLogger_Dbg_Enabled_Status'),(631,0,'rdk_logger','RDKLogger_EnvGet'),(632,0,'rdk_logger','RDKLogger_EnvGetModFromNum'),(633,0,'rdk_logger','RDKLogger_EnvGetNum'),(634,0,'rdk_logger','RDKLogger_EnvGetValueFromNum'),(635,0,'rdk_logger','RDKLogger_GetDefaultLevel'),(636,0,'rdk_logger','RDKLogger_GetEnv_UnknownModule'),(637,0,'rdk_logger','RDKLogger_GetLogLevel'),(638,0,'rdk_logger','RDKLogger_Init'),(639,0,'rdk_logger','RDKLogger_Log'),(640,0,'rdk_logger','RDKLogger_Log_All'),(641,0,'rdk_logger','RDKLogger_Log_All_None'),(642,0,'rdk_logger','RDKLogger_Log_Debug'),(643,0,'rdk_logger','RDKLogger_Log_DefaultLevel'),(644,0,'rdk_logger','RDKLogger_Log_Error'),(645,0,'rdk_logger','RDKLogger_Log_Fatal'),(646,0,'rdk_logger','RDKLogger_Log_Info'),(647,0,'rdk_logger','RDKLogger_Log_InvalidLevel'),(648,0,'rdk_logger','RDKLogger_Log_InverseLevel'),(649,0,'rdk_logger','RDKLogger_Log_InverseTrace'),(650,0,'rdk_logger','RDKLogger_Log_MPEOSDisabled'),(651,0,'rdk_logger','RDKLogger_Log_None'),(652,0,'rdk_logger','RDKLogger_Log_None_All'),(653,0,'rdk_logger','RDKLogger_Log_Notice'),(654,0,'rdk_logger','RDKLogger_Log_Trace'),(655,0,'rdk_logger','RDKLogger_Log_Trace1'),(656,0,'rdk_logger','RDKLogger_Log_Trace2'),(657,0,'rdk_logger','RDKLogger_Log_Trace3'),(658,0,'rdk_logger','RDKLogger_Log_Trace4'),(659,0,'rdk_logger','RDKLogger_Log_Trace5'),(660,0,'rdk_logger','RDKLogger_Log_Trace6'),(661,0,'rdk_logger','RDKLogger_Log_Trace7'),(662,0,'rdk_logger','RDKLogger_Log_Trace8'),(663,0,'rdk_logger','RDKLogger_Log_Trace9'),(664,0,'rdk_logger','RDKLogger_Log_UnknownModule'),(665,0,'rdk_logger','RDKLogger_Log_Warning'),(666,0,'rdk_logger','RDKLogger_MaxLogLine'),(667,0,'rdk_logger','RDKLogger_SetLogLevel'),(668,0,'recorder','RMFMS_ScheduleRecording_12'),(669,0,'recorder','RMFMS_ScheduleRecording_InvalidSRC_13'),(670,0,'recorder','RMFMS_Schedule_Big_Recording_14'),(671,0,'recorder','RMFMS_Schedule_FutureRecording_15'),(672,0,'recorder','RMFMS_Schedule_MinDuration_Recording_18'),(673,0,'recorder','RMFMS_Schedule_NegDuration_Recording_19'),(674,0,'recorder','RMFMS_Schedule_NegStartTime_Recording_20'),(675,0,'recorder','RMFMS_Schedule_SmallDuration_Recording_17'),(676,0,'recorder','RMFMS_Schedule_ZeroSize_Recording_16'),(677,0,'mediaframework','RMF_DVRManager_ConvertTSBToRecording'),(678,0,'mediaframework','RMF_DVRManager_CreateRecording'),(679,0,'mediaframework','RMF_DVRManager_CreateTSB'),(680,0,'mediaframework','RMF_DVRManager_DeleteRecording'),(681,0,'mediaframework','RMF_DVRManager_GetDefaultTSBMaxDuration'),(682,0,'mediaframework','RMF_DVRManager_GetIsRecordingInProgress'),(683,0,'mediaframework','RMF_DVRManager_GetRecordingCount'),(684,0,'mediaframework','RMF_DVRManager_GetRecordingDuration'),(685,0,'mediaframework','RMF_DVRManager_GetRecordingInfoById'),(686,0,'mediaframework','RMF_DVRManager_GetRecordingInfoById_17'),(687,0,'mediaframework','RMF_DVRManager_GetRecordingInfoByIndex'),(688,0,'mediaframework','RMF_DVRManager_GetRecordingInfoByIndex_16'),(689,0,'mediaframework','RMF_DVRManager_GetRecordingSegmentInfoByIndex'),(690,0,'mediaframework','RMF_DVRManager_GetRecordingSize'),(691,0,'mediaframework','RMF_DVRManager_GetRecordingStartTime'),(692,0,'mediaframework','RMF_DVRManager_GetSegmentsCount'),(693,0,'mediaframework','RMF_DVRManager_GetSpace'),(694,0,'mediaframework','RMF_DVRManager_UpdateRecording'),(695,0,'mediaframework','RMF_DVRSink_InitTerm_01'),(696,0,'mediaframework','RMF_DVRSrcMPSink_BackToBeg_04'),(697,0,'mediaframework','RMF_DVRSrcMPSink_ChangeSpeed_12'),(698,0,'mediaframework','RMF_DVRSrcMPSink_Pause_02'),(699,0,'mediaframework','RMF_DVRSrcMPSink_Play_01'),(700,0,'mediaframework','RMF_DVRSrcMPSink_Resume_03'),(701,0,'mediaframework','RMF_DVRSrcMPSink_SkipNumOfSeconds_SkipBack_06'),(702,0,'mediaframework','RMF_DVRSrcMPSink_SkipNumOfSeconds_SkipFront_07'),(703,0,'mediaframework','RMF_DVRSrcMPSink_SkipToEnd_05'),(704,0,'mediaframework','RMF_DVRSrcMPSink_TrickPlayRate_FF4x_08'),(705,0,'mediaframework','RMF_DVRSrcMPSink_TrickPlayRate_FF64x_09'),(706,0,'mediaframework','RMF_DVRSrcMPSink_TrickPlayRate_FR4x_10'),(707,0,'mediaframework','RMF_DVRSrcMPSink_TrickPlayRate_FR64x_11'),(708,0,'mediaframework','RMF_DVRSrc_GetMediaInfo_09'),(709,0,'mediaframework','RMF_DVRSrc_GetMediaTime_07'),(710,0,'mediaframework','RMF_DVRSrc_GetSetSpeed_06'),(711,0,'mediaframework','RMF_DVRSrc_GetSpeed_05'),(712,0,'mediaframework','RMF_DVRSrc_InitTerm_01'),(713,0,'mediaframework','RMF_DVRSrc_OpenClose_02'),(714,0,'mediaframework','RMF_DVRSrc_Open_10'),(715,0,'mediaframework','RMF_DVRSrc_Open_11'),(716,0,'mediaframework','RMF_DVRSrc_Open_12'),(717,0,'mediaframework','RMF_DVRSrc_Open_13'),(718,0,'mediaframework','RMF_DVRSrc_Open_14'),(719,0,'mediaframework','RMF_DVRSrc_Open_15'),(720,0,'mediaframework','RMF_DVRSrc_Open_16'),(721,0,'mediaframework','RMF_DVRSrc_Play_03'),(722,0,'mediaframework','RMF_DVRSrc_Play_04'),(723,0,'mediaframework','RMF_DVRSrc_SetMediaTime_08'),(724,0,'mediaframework','RMF_DVR_Get_Recording_List'),(725,0,'mediaframework','RMF_Gst_LongDuration_Check_GstBuffer_Crash_55'),(726,0,'mediaframework','RMF_Gst_LongDuration_Check_GstQamTune_Crash_56'),(727,0,'mediaframework','RMF_HNSink_01'),(728,0,'mediaframework','RMF_HNSrcMPSink_InvalidRewindSpeed_10'),(729,0,'mediaframework','RMF_HNSrcMPSink_InvalidSpeed_09'),(730,0,'mediaframework','RMF_HNSrcMPSink_Video_MuteUnmute_06'),(731,0,'mediaframework','RMF_HNSrcMPSink_Video_Pause_02'),(732,0,'mediaframework','RMF_HNSrcMPSink_Video_Play_01'),(733,0,'mediaframework','RMF_HNSrcMPSink_Video_Play_Position_04'),(734,0,'mediaframework','RMF_HNSrcMPSink_Video_Skip_Backward_03'),(735,0,'mediaframework','RMF_HNSrcMPSink_Video_Speed_08'),(736,0,'mediaframework','RMF_HNSrcMPSink_Video_State_05'),(737,0,'mediaframework','RMF_HNSrcMPSink_Video_Volume_07'),(738,0,'mediaframework','RMF_HNSrc_GetBufferedRanges_04'),(739,0,'mediaframework','RMF_HNSrc_GetState_05'),(740,0,'mediaframework','RMF_HNSrc_InitTerm_01'),(741,0,'mediaframework','RMF_HNSrc_MPSink_BufferClearing_17'),(742,0,'mediaframework','RMF_HNSrc_MPSink_ChannelChange_CheckMacroblocking_41'),(743,0,'mediaframework','RMF_HNSrc_MPSink_Clearbuffering&CheckMediaTime_18'),(744,0,'mediaframework','RMF_HNSrc_MPSink_DoublePlay_40'),(745,0,'mediaframework','RMF_HNSrc_MPSink_DVRReplay_37'),(746,0,'mediaframework','RMF_HNSrc_MPSink_DVR_FF_16x_30'),(747,0,'mediaframework','RMF_HNSrc_MPSink_DVR_FF_32x_29'),(748,0,'mediaframework','RMF_HNSrc_MPSink_DVR_FF_4x_31'),(749,0,'mediaframework','RMF_HNSrc_MPSink_DVR_FF_64x_32'),(750,0,'mediaframework','RMF_HNSrc_MPSink_DVR_FF_RW_CheckMacroblocking_42'),(751,0,'mediaframework','RMF_HNSrc_MPSink_DVR_FF_RW_SB_CheckMacroblocking_46'),(752,0,'mediaframework','RMF_HNSrc_MPSink_DVR_FF_RW_SF_CheckMacroblocking_44'),(753,0,'mediaframework','RMF_HNSrc_MPSink_DVR_Play_26'),(754,0,'mediaframework','RMF_HNSrc_MPSink_DVR_REW_16x_35'),(755,0,'mediaframework','RMF_HNSrc_MPSink_DVR_REW_32x_34'),(756,0,'mediaframework','RMF_HNSrc_MPSink_DVR_REW_4x_36'),(757,0,'mediaframework','RMF_HNSrc_MPSink_DVR_REW_64x_33'),(758,0,'mediaframework','RMF_HNSrc_MPSink_DVR_RW_FF_CheckMacroblocking_43'),(759,0,'mediaframework','RMF_HNSrc_MPSink_DVR_RW_FF_SB_CheckMacroblocking_47'),(760,0,'mediaframework','RMF_HNSrc_MPSink_DVR_RW_FF_SF_CheckMacroblocking_45'),(761,0,'mediaframework','RMF_HNSrc_MPSink_DVR_SB_SF_CheckMacroblocking_49'),(762,0,'mediaframework','RMF_HNSrc_MPSink_DVR_SF_SB_CheckMacroblocking_48'),(763,0,'mediaframework','RMF_HNSrc_MPSink_FF_16x_22'),(764,0,'mediaframework','RMF_HNSrc_MPSink_FF_32x_28'),(765,0,'mediaframework','RMF_HNSrc_MPSink_FF_4x_21'),(766,0,'mediaframework','RMF_HNSrc_MPSink_FF_64x_20'),(767,0,'mediaframework','RMF_HNSrc_MPSink_GetState_25'),(768,0,'mediaframework','RMF_HNSrc_MPSink_InvalidMediaTime_13'),(769,0,'mediaframework','RMF_HNSrc_MPSink_InvalidMediaTime_14'),(770,0,'mediaframework','RMF_HNSrc_MPSink_LivetsbReset_19'),(771,0,'mediaframework','RMF_HNSrc_MPSink_Pause&CheckMediaTime_15'),(772,0,'mediaframework','RMF_HNSrc_MPSink_Pause&FF_39'),(773,0,'mediaframework','RMF_HNSrc_MPSink_Pause&Rewind_38'),(774,0,'mediaframework','RMF_HNSrc_MPSink_Rewind&CheckSpeed_16'),(775,0,'mediaframework','RMF_HNSrc_MPSink_REW_16x_23'),(776,0,'mediaframework','RMF_HNSrc_MPSink_REW_4x_24'),(777,0,'mediaframework','RMF_HNSrc_MPSink_SetGetmediaTime_03'),(778,0,'mediaframework','RMF_HNSrc_MPSink_SetSpeed_32x_11'),(779,0,'mediaframework','RMF_HNSrc_MPSink_SetSpeed_64x_12'),(780,0,'mediaframework','RMF_HNSrc_MPSink_Startoftsb_27'),(781,0,'mediaframework','RMF_HNSrc_MPSink_TSB_ChangeResolution_Check_54'),(782,0,'mediaframework','RMF_HNSrc_MPSink_TSB_FF_CheckMacroblocking_50'),(783,0,'mediaframework','RMF_HNSrc_MPSink_TSB_FF_RW_CheckMacroblocking_51'),(784,0,'mediaframework','RMF_HNSrc_MPSink_TSB_SF_CheckMacroblocking_52'),(785,0,'mediaframework','RMF_HNSrc_MPSink_TSB_SF_CheckMacroblocking_53'),(786,0,'mediaframework','RMF_HNSrc_Open_Emptystring_06'),(787,0,'mediaframework','RMF_HNSrc_Open_invalidurl_07'),(788,0,'mediaframework','RMF_HNSrc_Open_validUrl_11'),(789,0,'mediaframework','RMF_HNSrc_Open_vodurl_08'),(790,0,'mediaframework','RMF_HNSrc_Play_DefaultSpeed_09'),(791,0,'mediaframework','RMF_HNSrc_Play_withoutopen_12'),(792,0,'mediaframework','RMF_HNSRC_Play_withoutsetsource_10'),(793,0,'mediaframework','RMF_HNSrc_SetGetSpeed_02'),(794,0,'mediaframework','RMF_MPSink_GetMediaTime_05'),(795,0,'mediaframework','RMF_MPSink_InitTerm_01'),(796,0,'mediaframework','RMF_MPSink_SetGetMute_03'),(797,0,'mediaframework','RMF_MPSink_SetGetVolume_04'),(798,0,'mediaframework','RMF_MPSink_SetVideoRectangle_02'),(799,0,'mediastreamer','RMF_MS_ContinousCH_Change_test'),(800,0,'mediastreamer','RMF_MS_ContionusDVR_Playback'),(801,0,'mediastreamer','RMF_MS_General_Error_Response'),(802,0,'mediastreamer','RMF_MS_Incomplete_URL_Request'),(803,0,'mediastreamer','RMF_MS_LivePlayback_test'),(804,0,'mediastreamer','RMF_MS_LiveTune_Request'),(805,0,'mediastreamer','RMF_MS_LongTime_LivePlayback'),(806,0,'mediastreamer','RMF_MS_RecordingPlayback'),(807,0,'mediastreamer','RMF_MS_Stress_LiveTune_Test'),(808,0,'mediastreamer','RMF_MS_Without_StreamInit'),(809,0,'mediaframework','RMF_QAMSource_ChangeChannelTwice_PlayOneHour_19'),(810,0,'mediaframework','RMF_QAMSource_ChangeChannel_Check_SPTS_Error_15'),(811,0,'mediaframework','RMF_QAMSource_ChangeChannel_FourTimes_16'),(812,0,'mediaframework','RMF_QAMSource_ChangeChannel_SevenTimes_17'),(813,0,'mediaframework','RMF_QAMSource_ChangeURI_11'),(814,0,'mediaframework','RMF_QAMSource_ChangeURI_14'),(815,0,'mediaframework','RMF_QAMSource_GetLtsId_06'),(816,0,'mediaframework','RMF_QAMSource_GetQAMSourceInstance_10'),(817,0,'mediaframework','RMF_QAMSource_GetTsId_05'),(818,0,'mediaframework','RMF_QAMSource_GetUseFactoryMethods_08'),(819,0,'mediaframework','RMF_QAMSource_Get_Free_LowLevelElement_09'),(820,0,'mediaframework','RMF_QAMSource_InitTerm_01'),(821,0,'mediaframework','RMF_QAMSource_Init_Uninit_Platform_07'),(822,0,'mediaframework','RMF_QAMSource_OpenClose_02'),(823,0,'mediaframework','RMF_QAMSource_Pause_04'),(824,0,'mediaframework','RMF_QAMSource_Pause_13'),(825,0,'mediaframework','RMF_QAMSource_PlayLive_OneHour_18'),(826,0,'mediaframework','RMF_QAMSource_Play_03'),(827,0,'mediaframework','RMF_QAMSource_Play_12'),(828,0,'mediaframework','RMF_QAMSrc_01'),(829,0,'mediaframework','RMF_QAMSrc_02'),(830,0,'mediaframework','RMF_QAMSrc_03'),(831,0,'mediaframework','RMF_QAMSrc_04'),(832,0,'mediaframework','RMF_QAMSrc_05'),(833,0,'mediaframework','RMF_QAMSrc_06'),(834,0,'mediaframework','RMF_QAMSrc_07'),(835,0,'mediaframework','RMF_QAMSrc_08'),(836,0,'mediaframework','RMF_QAMSrc_09'),(837,0,'mediaframework','RMF_QAMSrc_HNSink_01'),(838,0,'mediaframework','RMF_QAMSrc_HNSink_02'),(839,0,'mediaframework','RMF_QAMSrc_HNSink_03'),(840,0,'mediaframework','RMF_QAMSrc_HNSink_04'),(841,0,'mediaframework','RMF_QAMSrc_HNSink_05'),(842,0,'mediaframework','RMF_QAMSrc_HNSink_06'),(843,0,'mediaframework','RMF_QAMSrc_HNSink_07'),(844,0,'mediaframework','RMF_QAMSrc_HNSink_08'),(845,0,'mediaframework','RMF_QAMSrc_HNSink_09'),(846,0,'mediaframework','RMF_QAMSrc_HNSink_10'),(847,0,'mediaframework','RMF_QAMSrc_HNSink_11'),(848,0,'mediaframework','RMF_QAMSrc_HNSink_12'),(849,0,'mediaframework','RMF_QAMSrc_HNSink_13'),(850,0,'mediaframework','RMF_QAMSrc_HNSink_14'),(851,0,'servicemanager','SM_CreateService_All'),(852,0,'servicemanager','SM_DeviceSetting_GetDeviceInfo'),(853,0,'servicemanager','SM_DisplaySetting_SetZoomSettings'),(854,0,'servicemanager','SM_DoesServiceExist Negative test'),(855,0,'servicemanager','SM_DoesServiceExist_All'),(856,0,'servicemanager','SM_EnableMdvr test'),(857,0,'servicemanager','SM_EnableVpop test'),(858,0,'servicemanager','SM_GetGlobal Service test'),(859,0,'servicemanager','SM_GetGlobalService_All'),(860,0,'servicemanager','SM_GetRegisteredService test'),(861,0,'servicemanager','SM_GetSetting_All'),(862,0,'servicemanager','SM_RegisterForEvents test'),(863,0,'servicemanager','SM_RegisterService test'),(864,0,'servicemanager','SM_RegisterService_All'),(865,0,'servicemanager','SM_ScreenCapture_EventUpload'),(866,0,'servicemanager','SM_ScreenCapture_Upload'),(867,0,'servicemanager','SM_Services_GetName_All'),(868,0,'servicemanager','SM_SetApiVersion test'),(869,0,'servicemanager','SM_SetApiVersion_All'),(870,0,'servicemanager','SM_SetDeviceName test'),(871,0,'servicemanager','SM_SetResolution test'),(872,0,'servicemanager','SM_UnRegisterService test'),(873,0,'servicemanager','SM_UnRegisterService_All'),(874,0,'servicemanager','SM_WebSocket_EventsAll'),(875,0,'servicemanager','SM_WebSocket_GetBufferedAmount'),(876,0,'servicemanager','SM_WebSocket_GetProtocol'),(877,0,'servicemanager','SM_WebSocket_GetReadyState'),(878,0,'servicemanager','SM_WebSocket_GetUrl'),(879,0,'rmfapp','tdkRmfApp_CreateRecord'),(880,0,'tdk_integration','TDK_E2E_DVR_Playback_Trickplay_All_Recordings_LongDuration_8hr_test'),(881,0,'tdk_integration','TDK_E2E_LinearTV_Channelchange_LongDuration_8hr_test'),(882,0,'tdk_integration','TDK_E2E_LinearTv_LinearTrickplay_LongDuration_8hr_Test'),(883,0,'tdk_integration','TDK_E2E_LinearTv_SwitchingChannel_DVRForwardAndRewind_LongDuration_8hr_test'),(884,0,'tdk_integration','TDK_E2E_LinearTv_SwitchingChannel_DVRTrickplay_LongDuration_8hr_test'),(885,0,'tdk_integration','TDK_E2E_RMF_LinearTV_ChannelChange_Trickplay_LongDuration_8hr_test'),(886,0,'tdk_integration','TDK_RMF_ScheduleRecording_Playback_LongDuration_8hr_test'),(889,0,'tr69','TR069_Get_DeviceAdditionalSoftwareVersion_09'),(890,0,'tr69','TR069_Get_DeviceDeviceInfoNegative_51'),(891,0,'tr69','TR069_Get_DeviceEthernetInterfaceDefaultDuplexMode_50'),(892,0,'tr69','TR069_Get_DeviceEthernetInterfaceDefaultEnable_44'),(893,0,'tr69','TR069_Get_DeviceEthernetInterfaceDefaultMACAddress_48'),(894,0,'tr69','TR069_Get_DeviceEthernetInterfaceDefaultMaxBitRate_49'),(895,0,'tr69','TR069_Get_DeviceEthernetInterfaceDefaultName_46'),(896,0,'tr69','TR069_Get_DeviceEthernetInterfaceDefaultStatus_45'),(897,0,'tr69','TR069_Get_DeviceEthernetInterfaceDefaultUpstream_47'),(898,0,'tr69','TR069_Get_DeviceEthernetInterfaceNumOfEntries_43'),(899,0,'tr69','TR069_Get_DeviceFirstUseDate_12'),(900,0,'tr69','TR069_Get_DeviceHardwareVersion_07'),(901,0,'tr69','TR069_Get_DeviceIPActivePortNumOfEntries_33'),(902,0,'tr69','TR069_Get_DeviceIPDefaultInterfaceEnable_34'),(903,0,'tr69','TR069_Get_DeviceIPDefaultInterfaceIPv4Enable_35'),(904,0,'tr69','TR069_Get_DeviceIPDefaultInterfaceLoopback_41'),(905,0,'tr69','TR069_Get_DeviceIPDefaultInterfaceMaxMTUSize_39'),(906,0,'tr69','TR069_Get_DeviceIPDefaultInterfaceName_37'),(907,0,'tr69','TR069_Get_DeviceIPDefaultInterfaceReset_38'),(908,0,'tr69','TR069_Get_DeviceIPDefaultInterfaceStatus_36'),(909,0,'tr69','TR069_Get_DeviceIPDefaultInterfaceType_40'),(910,0,'tr69','TR069_Get_DeviceIPInterfaceNumOfEntries_32'),(911,0,'tr69','TR069_Get_DeviceIPv4Capable_29'),(912,0,'tr69','TR069_Get_DeviceIPv4Enable_30'),(913,0,'tr69','TR069_Get_DeviceIPv4Status_31'),(914,0,'tr69','TR069_Get_DeviceManufacturerOUI_02'),(915,0,'tr69','TR069_Get_DeviceManufacturer_01'),(916,0,'tr69','TR069_Get_DeviceMemoryStatusFree_27'),(917,0,'tr69','TR069_Get_DeviceMemoryStatusTotal_26'),(918,0,'tr69','TR069_Get_DeviceMoCAInterfaceAssociatedDevice1NodeID_69'),(919,0,'tr69','TR069_Get_DeviceMoCAInterfaceAssociatedDeviceGetNodeID_Neg_70'),(920,0,'tr69','TR069_Get_DeviceMoCAInterfaceAssociatedDeviceNumberOfEntries_68'),(921,0,'tr69','TR069_Get_DeviceMoCAInterfaceCurrentVersion_64'),(922,0,'tr69','TR069_Get_DeviceMoCAInterfaceEnable_54'),(923,0,'tr69','TR069_Get_DeviceMoCAInterfaceFirmwareVersion_59'),(924,0,'tr69','TR069_Get_DeviceMoCAInterfaceHighestVersion_63'),(925,0,'tr69','TR069_Get_DeviceMoCAInterfaceLastChange_56'),(926,0,'tr69','TR069_Get_DeviceMoCAInterfaceMACAddress_58'),(927,0,'tr69','TR069_Get_DeviceMoCAInterfaceMaxBitRate_60'),(928,0,'tr69','TR069_Get_DeviceMoCAInterfaceMaxEgressBW_62'),(929,0,'tr69','TR069_Get_DeviceMoCAInterfaceMaxIngressBW_61'),(930,0,'tr69','TR069_Get_DeviceMoCAInterfaceMaxNodes_67'),(931,0,'tr69','TR069_Get_DeviceMoCAInterfaceNetworkCoordinator_65'),(932,0,'tr69','TR069_Get_DeviceMoCAInterfaceNodeID_66'),(933,0,'tr69','TR069_Get_DeviceMoCAInterfaceNumOfEntries_53'),(934,0,'tr69','TR069_Get_DeviceMoCAInterfaceQoSEgressNumFlows_71'),(935,0,'tr69','TR069_Get_DeviceMoCAInterfaceQoSFlowStats1FlowID_72'),(936,0,'tr69','TR069_Get_DeviceMoCAInterfaceStatus_55'),(937,0,'tr69','TR069_Get_DeviceMoCAInterfaceUpstream_57'),(938,0,'tr69','TR069_Get_DeviceModelName_03'),(939,0,'tr69','TR069_Get_DeviceProcessorArchitecture_25'),(940,0,'tr69','TR069_Get_DeviceProcessorNumOfEntries_17'),(941,0,'tr69','TR069_Get_DeviceProcessStatusCommandDefaultProcess_20'),(942,0,'tr69','TR069_Get_DeviceProcessStatusCPUTimeDefaultProcess_23'),(943,0,'tr69','TR069_Get_DeviceProcessStatusCPUUsage_18'),(944,0,'tr69','TR069_Get_DeviceProcessStatusPIDDefaultProcess_19'),(945,0,'tr69','TR069_Get_DeviceProcessStatusPriorityDefaultProcess_22'),(946,0,'tr69','TR069_Get_DeviceProcessStatusSizeDefaultProcess_21'),(947,0,'tr69','TR069_Get_DeviceProcessStatusStateDefaultProcess_24'),(948,0,'tr69','TR069_Get_DeviceProvisioningCode_10'),(949,0,'tr69','TR069_Get_DeviceSerialNumber_06'),(950,0,'tr69','TR069_Get_DeviceServicesSTBServiceComponentsHDMI1DisplayDeviceEEDID_81'),(951,0,'tr69','TR069_Get_DeviceServicesSTBServiceComponentsHDMI1DisplayDeviceStatus_80'),(952,0,'tr69','TR069_Get_DeviceServicesSTBServiceComponentsHDMI1Enable_75'),(953,0,'tr69','TR069_Get_DeviceServicesSTBServiceComponentsHDMI1Name_77'),(954,0,'tr69','TR069_Get_DeviceServicesSTBServiceComponentsHDMI1ResolutionMode_78'),(955,0,'tr69','TR069_Get_DeviceServicesSTBServiceComponentsHDMI1ResolutionValue_79'),(956,0,'tr69','TR069_Get_DeviceServicesSTBServiceComponentsHDMI1Status_76'),(957,0,'tr69','TR069_Get_DeviceServicesSTBServiceComponentsHDMINumberOfEntries_74'),(958,0,'tr69','TR069_Get_DeviceServicesSTBServiceComponentsVideoDecoder1ContentAspectRatio_85'),(959,0,'tr69','TR069_Get_DeviceServicesSTBServiceComponentsVideoDecoder1Name_84'),(960,0,'tr69','TR069_Get_DeviceServicesSTBServiceComponentsVideoDecoderNumberOfEntries_83'),(961,0,'tr69','TR069_Get_DeviceServicesSTBServiceNumberOfEntries_73'),(962,0,'tr69','TR069_Get_DeviceSevicesSTBServiceComponentsVideoDecoderName_Neg_86'),(963,0,'tr69','TR069_Get_DeviceSoftwareVersion_08'),(964,0,'tr69','TR069_Get_DeviceSTBServiceComponentsHDMIDisplayDevice_XCOM_EDID_82'),(965,0,'tr69','TR069_Get_DeviceUpTime_11'),(966,0,'tr69','TR069_Get_DeviceXCOMFirmwareFileName_15'),(967,0,'tr69','TR069_Get_DeviceXCOMPowerStatus_16'),(968,0,'tr69','TR069_Get_DeviceXCOMSTBIP_14'),(969,0,'tr69','TR069_Get_DeviceXCOMSTBMAC_13'),(970,0,'trm','TRM_CancelLive'),(971,0,'trm','TRM_CancelRecording'),(972,0,'trm','TRM_CT_14'),(973,0,'trm','TRM_CT_15'),(974,0,'trm','TRM_CT_16'),(975,0,'trm','TRM_CT_17'),(976,0,'trm','TRM_CT_18'),(977,0,'trm','TRM_CT_19'),(978,0,'trm','TRM_CT_20'),(979,0,'trm','TRM_CT_21'),(980,0,'trm','TRM_CT_22'),(981,0,'trm','TRM_CT_23'),(982,0,'trm','TRM_CT_24'),(983,0,'trm','TRM_CT_25'),(984,0,'trm','TRM_CT_26'),(985,0,'trm','TRM_CT_27'),(986,0,'trm','TRM_CT_28'),(987,0,'trm','TRM_CT_29'),(988,0,'trm','TRM_CT_30'),(989,0,'trm','TRM_CT_31'),(990,0,'trm','TRM_CT_32'),(991,0,'trm','TRM_CT_33'),(992,0,'trm','TRM_CT_34'),(993,0,'trm','TRM_CT_35'),(994,0,'trm','TRM_CT_36'),(995,0,'trm','TRM_CT_37'),(996,0,'trm','TRM_CT_38'),(997,0,'trm','TRM_CT_39'),(998,0,'trm','TRM_CT_40'),(999,0,'trm','TRM_CT_41'),(1000,0,'trm','TRM_CT_42'),(1001,0,'trm','TRM_CT_43'),(1002,0,'trm','TRM_GetAllReservations'),(1003,0,'trm','TRM_GetAllTunerIds'),(1004,0,'trm','TRM_GetAllTunerStates'),(1005,0,'trm','TRM_GetVersion'),(1007,0,'trm','TRM_TunerReserveAllForLive'),(1008,0,'trm','TRM_TunerReserveAllForRecord'),(1009,0,'trm','TRM_TunerReserveForHyBrid'),(1010,0,'trm','TRM_TunerReserveForLive'),(1011,0,'trm','TRM_TunerReserveForRecord'),(1012,0,'trm','TRM_ValidateTunerReservation'),(1013,0,'openSource_components','WebkitTest_DirectFB'),(1014,0,'openSource_components','WebkitTest_Intelce'),(1015,0,'openSource_components','yajl_Test'),(1019,0,'trm','TRM_ReleaseTunerReservation'),(1024,0,'iarmbus','IARMBUS_PowerModeToggle_Stress'),(1025,0,'tdk_integration','E2E_RMF_delete_liverecord_lessthanonemin'),(1026,0,'tdk_integration','E2E_RMF_delete_ongoingRecord_liverecord_Inprogress'),(1028,0,'tdk_integration','E2E_RMF_DVR_recording_liveStream_watching_liveStream'),(1029,0,'tdk_integration','E2E_RMF_delete_recordcontent_with_another_liverecord'),(1030,0,'tdk_integration','E2E_RMF_DVR_delete_recording'),(1031,0,'tdk_integration','E2E_RMF_DVR_delete_recording_trickplay'),(1037,0,'mediaframework','RMF_DS_Resolution_Hang_Check_01'),(1038,1,'mediaframework','RMF_TSB_Check_Pause_Failure_02'),(1040,0,'mediaframework','RMF_TSB_SlowRewind_Error_Check_03'),(1042,0,NULL,'E2E_RMF_LIVEplayback_delete_recording'),(1043,0,'tdk_integration','E2E_RMF_LIVE_playback_delete_recording'),(1044,0,'mediaframework','RMF_DVRSrcMPSink_FF_Rewind_error_Check_04'),(1047,0,'mediaframework','RMF_TSB_FF_Play_FreezeError_Check_05'),(1052,0,'tdk_integration','E2E_RMF_FFW_LiveVideo'),(1054,0,'trm','TRM_CT_44'),(1055,0,'trm','TRM_CT_45'),(1056,0,'devicesettings','DS_SetTime_VALID_124'),(1057,0,'devicesettings','DS_SetTextBrightness_125'),(1060,0,'tdk_integration','E2E_RMF_DVR_Playback_Gateway_Client'),(1061,0,'mediaframework','RMF_HNSrc_MPSink_DVR_RW_FF_CheckMacroblocking_57'),(1062,0,'mediaframework','RMF_DVRManager_DeleteInvalidRecordingId'),(1063,0,'openSource_components','GstreamerPluginCustomTest'),(1076,0,'dtcp','DTCP_StartSource_02'),(1077,0,'dtcp','DTCP_StopSource_03'),(1078,0,'dtcp','DTCP_SetLogLevel_11'),(1079,0,'dtcp','DTCP_GetNumSessions_09'),(1080,0,'dtcp','DTCP_CreateSrcSess_04'),(1081,0,'dtcp','DTCP_CreateSinkSess_05'),(1082,0,'dtcp','DTCP_DeleteSrcSess_08'),(1083,0,'dtcp','DTCP_GetSrcSessInfo_10'),(1084,0,'dtcp','DTCP_Init_01'),(1085,0,'dtcp','DTCP_ProcessSrcPacket_06'),(1086,0,'dtcp','DTCP_ReleaseSrcPacket_07'),(1088,0,'dtcp','DTCP_GetSinkSessInfo_12'),(1090,0,'dtcp','DTCP_CreateSrcSess_InvalidIp_13'),(1091,0,'dtcp','DTCP_CreateSinkSess_InvalidIp_14'),(1093,0,'dtcp','DTCP_GetNumSess_InvalidType_15'),(1094,0,'dtcp','DTCP_SetInvalidLogLevel_16'),(1095,1,'dtcp','DTCP_StartStopSrc_MultiIface_17'),(1098,0,'tdk_integration','E2E_RMF_LivePlayback_StandbyMode_to_ONMode'),(1099,0,'tdk_integration','E2E_RMF_LivePlayback_StandbyMode'),(1100,0,'tdk_integration','E2E_RMF_DVR_Recording_Reboot_Test'),(1101,0,'tdk_integration','E2E_RMF_DVR_Future_Recording_Reboot_Test'),(1102,0,'tdk_integration','E2E_RMF_DVR_LongDuration_DurationCheck'),(1103,0,'tdk_integration','E2E_RMF_DVR_ShortDuration_DurationCheck'),(1114,0,'dtcp','DTCP_DeleteSinkSess_20'),(1115,0,'dtcp','DTCP_StopWithoutStartSrc_21'),(1116,0,'dtcp','DTCP_StartSource_InvalidPort_22'),(1117,0,'dtcp','DTCP_StartSource_InvalidIfName_23'),(1118,0,'dtcp','DTCP_GetSessInfo_Neg_24'),(1119,0,'dtcp','DTCP_ProcessPacket_Neg_26'),(1120,0,'dtcp','DTCP_CreateSinkSess_InvalidPort_25'),(1121,0,'dtcp','DTCP_ProcessSinkPacket_27'),(1122,0,'dtcp','DTCP_ReleaseSinkPacket_28'),(1123,0,'dtcp','DTCP_DeleteSinkSess_Neg_29'),(1124,0,'dtcp','DTCP_DeleteSrcSess_Neg_30'),(1125,0,'dtcp','DTCP_Init_Stress_31'),(1126,0,'dtcp','DTCP_StopSrcwithActiveSessions_32'),(1127,0,'dtcp','DTCP_GetNumSessions_Sink_18'),(1128,0,'dtcp','DTCP_GetNumSessions_Src_19'),(1131,0,'tdk_integration','E2E_RMF_DVRPlayback_OFF_to_ONMode'),(1132,0,'tdk_integration','E2E_RMF_DVRPlayback_OFFMode'),(1133,0,'tdk_integration','E2E_RMF_DVRPlayback_StandbyMode'),(1134,0,'tdk_integration','E2E_RMF_DVRPlayback_StandbyMode_to_ONMode'),(1135,0,'tdk_integration','E2E_RMF_LivePlayback_OFF_to_ONMode'),(1136,0,'tdk_integration','E2E_RMF_LivePlayback_OFFMode'),(1138,0,'dtcp','DTCP_CreateSrcSessWithoutStartSrc_33'),(1139,0,'dtcp','DTCP_CreateSinkSessWithoutStartSrc_34'),(1142,0,'dtcp','DTCP_MultiStartSource_37'),(1143,0,'dtcp','DTCP_StopAllSources_38'),(1144,0,'dtcp','DTCP_CreateSinkSessOnLoSrcIp_39'),(1145,0,'dtcp','DTCP_UniqueKeyExchange_40'),(1146,0,'tdk_integration','E2E_Set_Resolution_During_Standby'),(1147,0,'tdk_integration','E2E_RMF_LivePlayback_TSB_Increase_StandbyMode'),(1148,0,'tdk_integration','E2E_RMF_LivePlayback_Change_Zoom'),(1149,0,'tdk_integration','E2E_RMF_DVRPlayback_Change_Zoom'),(1150,0,'tdk_integration','E2E_Get_Resolution_During_Standby'),(1152,0,'dtcp','DTCP_CreateMaxSrcSess_36'),(1153,0,'dtcp','DTCP_CreateMaxSinkSess_35'),(1160,0,'tdk_integration','E2E_RMF_Resolution480p_Trickplay'),(1161,0,'tdk_integration','E2E_RMF_Resolution720p_Trickplay'),(1162,0,'tdk_integration','E2E_RMF_PowerModeToggle_Trickplay'),(1163,0,'tdk_integration','E2E_RMF_PlayDeletedRecording'),(1166,0,'tdk_integration','Test_E2E_RMF_DVR_TrickPlay_09'),(1167,0,'tdk_integration','test_E2E_RMF_DVR_TrickPlay_08'),(1169,0,'tdk_integration','sample tsb_dinesh'),(1171,0,'xupnp','XUPNP_CheckXDiscOutputFile'),(1187,0,'tdk_integration','E2E_RMF_DVR_TrickPlay_07'),(1188,0,'tdk_integration','E2E_RMF_DVR_TrickPlay_06'),(1190,0,'xupnp','XUPNP_GetSerialNum'),(1191,0,'xupnp','XUPNP_GetSerialNumFromOutFile'),(1192,0,'xupnp','XUPNP_ModifyBasicDeviceXml'),(1193,0,'xupnp','XUPNP_CheckXMLRestoration'),(1194,0,'xupnp','XUPNP_ReadXcalDeviceLogFile'),(1195,0,'xupnp','XUPNP_BcastSerialNumEvt'),(1196,0,'xupnp','XUPNP_BcastTunerReadyEvt'),(1197,0,'xupnp','XUPNP_BcastChannelMapEvt'),(1198,0,'xupnp','XUPNP_BcastControllerIDEvt'),(1199,0,'xupnp','XUPNP_BcastPlantIDEvt'),(1200,0,'xupnp','XUPNP_BcastVodIDEvt'),(1201,0,'xupnp','XUPNP_BcastTimezoneEvt'),(1202,0,'xupnp','XUPNP_GetBaseStreamingUrl'),(1203,0,'xupnp','XUPNP_GetPlaybackUrl'),(1204,0,'xupnp','XUPNP_GetReceiverId'),(1205,0,'xupnp','XUPNP_GetIsGateway'),(1206,0,'xupnp','XUPNP_GetGatewayIP'),(1207,0,'xupnp','XUPNP_GetHostMacAddress'),(1208,0,'xupnp','XUPNP_GetTimeZone'),(1209,0,'xupnp','XUPNP_GetRequiresTRM'),(1210,0,'xupnp','XUPNP_GetBaseTrmUrl'),(1211,0,'xupnp','XUPNP_GetDnsConfig'),(1212,0,'xupnp','XUPNP_GetHosts'),(1213,0,'xupnp','XUPNP_GetSystemIds'),(1214,0,'xupnp','XUPNP_GetRecvDevType'),(1215,0,'xupnp','XUPNP_GetBuildVersion'),(1216,0,'xupnp','XUPNP_GetBuildVersionFromOutFile'),(1217,0,'xupnp','XUPNP_GetBaseStreamingUrlFromOutFile'),(1218,0,'xupnp','XUPNP_GetTimeZoneFromOutFile'),(1219,0,'xupnp','XUPNP_GetHostMacAddressFromOutFile'),(1220,0,'xupnp','XUPNP_GetRequiresTRMFromOutFile'),(1221,0,'xupnp','XUPNP_GetBaseTrmUrlFromOutFile'),(1222,0,'xupnp','XUPNP_GetRecvDevTypeFromOutFile'),(1223,0,'xupnp','XUPNP_GetPlaybackUrlFromOutFile'),(1224,0,'xupnp','XUPNP_GetSystemIdsFromOutFile'),(1225,0,'xupnp','XUPNP_GetDnsConfigFromOutFile'),(1226,0,'xupnp','XUPNP_GetIsGatewayFromOutFile'),(1227,0,'xupnp','XUPNP_GetHostsFromOutFile'),(1228,0,'xupnp','XUPNP_GetReceiverIdFromOutFile'),(1229,0,'xupnp','XUPNP_GetGatewayIPFromOutFile'),(1248,0,'tdk_integration','Testing_player_tsb');
/*!40000 ALTER TABLE `script_file` ENABLE KEYS */;
UNLOCK TABLES;

--
-- Table structure for table `script_group`
--

DROP TABLE IF EXISTS `script_group`;
/*!40101 SET @saved_cs_client     = @@character_set_client */;
/*!40101 SET character_set_client = utf8 */;
CREATE TABLE `script_group` (
  `id` bigint(20) NOT NULL AUTO_INCREMENT,
  `version` bigint(20) NOT NULL,
  `name` varchar(255) NOT NULL,
  `status` varchar(255) DEFAULT NULL,
  `groups_id` bigint(20) DEFAULT NULL,
  PRIMARY KEY (`id`),
  UNIQUE KEY `name` (`name`),
  KEY `FKB4D8260B984B586A` (`groups_id`),
  CONSTRAINT `FKB4D8260B984B586A` FOREIGN KEY (`groups_id`) REFERENCES `groups` (`id`)
) ENGINE=InnoDB AUTO_INCREMENT=389 DEFAULT CHARSET=latin1;
/*!40101 SET character_set_client = @saved_cs_client */;

--
-- Dumping data for table `script_group`
--

LOCK TABLES `script_group` WRITE;
/*!40000 ALTER TABLE `script_group` DISABLE KEYS */;
INSERT INTO `script_group` VALUES (218,94,'closedcaption','FREE',NULL),(220,375,'tdk_integration','FREE',NULL),(221,9,'rmfapp','FREE',NULL),(222,19,'openSource_components','FREE',NULL),(223,148,'iarmbus','FREE',NULL),(224,25,'mediastreamer','FREE',NULL),(225,53,'rdk_logger','FREE',NULL),(226,13,'recorder','FREE',NULL),(227,206,'mediaframework','FREE',NULL),(228,58,'servicemanager','FREE',NULL),(236,2487,'ComponentSuite','FREE',NULL),(237,4486,'IPClient-3Suite','FREE',NULL),(238,6246,'Hybrid-1Suite','FREE',NULL),(244,101,'tr69','FREE',NULL),(263,890,'E2ESuite','FREE',NULL),(273,39,'gst-plugins-rdk','FREE',NULL),(275,102,'trm','FREE',NULL),(295,2989,'RDK2.0_IPClient-3','FREE',NULL),(296,1411,'RDK1.3_Hybrid-1','FREE',NULL),(297,230,'RDK1.2_Hybrid-1','FREE',NULL),(298,5841,'RDK2.0_Hybrid-1','FREE',NULL),(299,1084,'RDK1.3_IPClient-3','FREE',NULL),(300,264,'RDK1.2_IPClient-3','FREE',NULL),(321,138,'devicesettings','FREE',NULL),(323,15,'E2ESuite_LD','FREE',NULL),(324,15,'IPClient-3Suite_LD','FREE',NULL),(325,22,'Hybrid-1Suite_LD','FREE',NULL),(326,83,'RDK2.0_IPClient-3_LD','FREE',NULL),(327,156,'RDK2.0_Hybrid-1_LD','FREE',NULL),(328,7,'mediaframework_LD','FREE',NULL),(329,7,'ComponentSuite_LD','FREE',NULL),(330,91,'dtcp','FREE',NULL),(331,130,'xupnp','FREE',NULL),(339,4,'Hybrid-5Suite','FREE',NULL),(342,7,'tdk_integration_LD','FREE',NULL),(360,15,'OpenSourceSuite','FREE',NULL),(382,1170,'RDK2.0_Hybrid-1_NO_OS','FREE',NULL),(383,447,'RDK1.3_Hybrid-1_NO_OS','FREE',NULL),(384,702,'RDK2.0_IPClient-3_NO_OS','FREE',NULL),(385,408,'RDK1.3_IPClient-3_NO_OS','FREE',NULL),(386,97,'RDK1.2_Hybrid-1_NO_OS','FREE',NULL),(387,81,'RDK1.2_IPClient-3_NO_OS','FREE',NULL);
/*!40000 ALTER TABLE `script_group` ENABLE KEYS */;
UNLOCK TABLES;

--
-- Table structure for table `script_group_script`
--

DROP TABLE IF EXISTS `script_group_script`;
/*!40101 SET @saved_cs_client     = @@character_set_client */;
/*!40101 SET character_set_client = utf8 */;
CREATE TABLE `script_group_script` (
  `script_group_scripts_id` bigint(20) DEFAULT NULL,
  `script_id` bigint(20) DEFAULT NULL,
  `script_group_scripts_list_id` bigint(20) DEFAULT NULL,
  `scripts_list_idx` int(11) DEFAULT NULL,
  KEY `FKF6D3D57FE2F1DCCF` (`script_id`),
  KEY `FKF6D3D57F6492105` (`script_group_scripts_id`),
  CONSTRAINT `FKF6D3D57F6492105` FOREIGN KEY (`script_group_scripts_id`) REFERENCES `script_group` (`id`),
  CONSTRAINT `FKF6D3D57FE2F1DCCF` FOREIGN KEY (`script_id`) REFERENCES `script` (`id`)
) ENGINE=InnoDB DEFAULT CHARSET=latin1;
/*!40101 SET character_set_client = @saved_cs_client */;


--
-- Table structure for table `script_group_script_file`
--

DROP TABLE IF EXISTS `script_group_script_file`;
/*!40101 SET @saved_cs_client     = @@character_set_client */;
/*!40101 SET character_set_client = utf8 */;
CREATE TABLE `script_group_script_file` (
  `script_group_script_list_id` bigint(20) DEFAULT NULL,
  `script_file_id` bigint(20) DEFAULT NULL,
  `script_list_idx` int(11) DEFAULT NULL,
  KEY `FKAB6B703CF95C2361` (`script_file_id`),
  CONSTRAINT `FKAB6B703CF95C2361` FOREIGN KEY (`script_file_id`) REFERENCES `script_file` (`id`)
) ENGINE=InnoDB DEFAULT CHARSET=latin1;
/*!40101 SET character_set_client = @saved_cs_client */;

--
-- Dumping data for table `script_group_script_file`
--

LOCK TABLES `script_group_script_file` WRITE;
/*!40000 ALTER TABLE `script_group_script_file` DISABLE KEYS */;
INSERT INTO `script_group_script_file` VALUES (218,23,0),(218,41,1),(218,17,2),(218,60,3),(218,14,4),(218,34,5),(218,21,6),(218,65,7),(218,59,8),(218,5,9),(218,36,10),(218,56,11),(218,30,12),(218,51,13),(218,29,14),(218,77,15),(218,24,16),(218,12,17),(218,10,18),(218,75,19),(218,50,20),(218,40,21),(218,70,22),(218,20,23),(218,31,24),(218,16,25),(218,72,26),(218,9,27),(218,15,28),(218,18,29),(218,52,30),(218,69,31),(218,7,32),(218,27,33),(218,6,34),(218,13,35),(218,55,36),(218,81,37),(218,76,38),(218,54,39),(218,74,40),(218,11,41),(218,61,42),(218,73,43),(218,38,44),(218,28,45),(218,19,46),(218,71,47),(218,78,48),(218,39,49),(218,58,50),(218,62,51),(218,32,52),(218,8,53),(218,63,54),(218,57,55),(218,66,56),(218,26,57),(218,53,58),(218,25,59),(218,42,60),(218,22,61),(218,64,62),(218,80,63),(218,35,64),(218,4,65),(218,33,66),(218,68,67),(218,67,68),(218,79,69),(218,37,70),(218,43,71),(218,44,72),(218,45,73),(218,46,74),(218,47,75),(218,48,76),(218,49,77),(236,582,0),(236,649,1),(236,507,2),(236,910,3),(236,506,4),(236,128,5),(236,938,6),(236,587,7),(236,941,8),(236,538,9),(236,584,10),(236,945,11),(236,535,12),(236,915,13),(236,892,14),(236,899,15),(236,588,16),(236,968,17),(236,585,18),(236,728,19),(236,132,20),(236,590,21),(236,540,22),(236,13,23),(236,900,24),(236,593,25),(236,73,26),(236,939,27),(236,660,28),(236,905,29),(236,537,30),(236,680,31),(236,647,32),(236,610,33),(236,136,34),(236,667,35),(236,130,36),(236,661,37),(236,891,38),(236,156,39),(236,911,40),(236,799,41),(236,215,42),(236,140,43),(236,947,44),(236,569,45),(236,501,46),(236,897,47),(236,127,48),(236,511,49),(236,589,50),(236,664,51),(236,602,52),(236,912,53),(236,504,54),(236,607,55),(236,134,56),(236,579,57),(236,542,58),(236,914,59),(236,216,60),(236,596,61),(236,637,62),(236,40,63),(236,641,64),(236,608,65),(236,901,66),(236,574,67),(236,580,68),(236,658,69),(236,599,70),(236,889,71),(236,217,72),(236,916,73),(236,218,74),(236,753,75),(236,644,76),(236,635,77),(236,179,78),(236,895,79),(236,648,80),(236,942,81),(236,967,82),(236,581,83),(236,777,84),(236,657,85),(236,58,86),(236,898,87),(236,896,88),(236,601,89),(236,570,90),(236,598,91),(236,212,92),(236,64,93),(236,503,94),(236,557,95),(236,603,96),(236,536,97),(236,563,98),(236,741,99),(236,571,100),(236,135,101),(236,34,102),(236,949,103),(236,909,104),(236,575,105),(236,65,106),(236,124,107),(236,126,108),(236,906,109),(236,969,110),(236,800,111),(236,894,112),(236,768,113),(236,643,114),(236,576,115),(236,773,116),(236,508,117),(236,965,118),(236,125,119),(236,560,120),(236,663,121),(236,214,122),(236,732,123),(236,591,124),(236,573,125),(236,532,126),(236,505,127),(236,512,128),(236,908,129),(236,636,130),(236,652,131),(236,561,132),(236,133,133),(236,653,134),(236,907,135),(236,890,136),(236,770,137),(236,592,138),(236,577,139),(236,662,140),(236,604,141),(236,572,142),(236,946,143),(236,630,144),(236,605,145),(236,902,146),(236,963,147),(236,729,148),(236,642,149),(236,913,150),(236,943,151),(236,646,152),(236,640,153),(236,131,154),(236,651,155),(236,966,156),(236,656,157),(236,948,158),(236,510,159),(236,650,160),(236,893,161),(236,594,162),(236,665,163),(236,609,164),(236,27,165),(236,659,166),(236,655,167),(236,600,168),(236,917,169),(236,595,170),(236,539,171),(236,645,172),(236,666,173),(236,562,174),(236,61,175),(236,940,176),(236,904,177),(236,654,178),(236,509,179),(236,63,180),(236,769,181),(236,586,182),(236,597,183),(236,944,184),(236,129,185),(236,606,186),(236,629,187),(236,578,188),(236,583,189),(236,903,190),(236,738,191),(236,544,192),(236,543,193),(236,772,194),(236,779,195),(236,803,196),(236,805,197),(236,806,198),(236,808,199),(236,514,200),(236,558,201),(236,516,202),(236,515,203),(236,475,204),(236,471,205),(236,473,206),(236,502,207),(236,513,208),(236,517,209),(236,518,210),(236,519,211),(236,520,212),(236,521,213),(236,522,214),(236,523,215),(236,524,216),(236,525,217),(236,526,218),(236,527,219),(236,528,220),(236,529,221),(236,530,222),(236,531,223),(236,533,224),(236,534,225),(236,541,226),(236,545,227),(236,546,228),(236,547,229),(236,548,230),(236,549,231),(236,550,232),(236,551,233),(236,552,234),(236,553,235),(236,554,236),(236,555,237),(236,556,238),(236,559,239),(236,1004,240),(236,146,241),(236,122,242),(236,1003,243),(236,1002,244),(236,1005,245),(236,822,246),(236,1011,247),(236,1010,248),(236,474,249),(236,480,250),(236,477,251),(236,478,252),(236,479,253),(236,476,254),(236,494,255),(236,495,256),(236,484,257),(236,490,258),(236,491,259),(236,492,260),(236,489,261),(236,497,262),(236,488,264),(236,486,265),(236,482,266),(236,493,268),(236,496,269),(236,731,271),(236,733,272),(236,734,273),(236,735,274),(236,1012,275),(236,736,276),(236,737,277),(236,744,278),(236,43,279),(236,971,280),(236,745,281),(236,746,282),(236,747,283),(236,748,284),(236,749,285),(236,44,286),(236,754,287),(236,755,288),(236,45,289),(236,756,290),(236,757,291),(236,763,292),(236,764,293),(236,765,294),(236,766,295),(236,767,296),(236,780,297),(236,46,298),(236,970,299),(236,778,300),(236,776,301),(236,775,302),(236,774,303),(236,47,304),(236,771,305),(236,48,306),(236,49,307),(236,120,308),(236,201,309),(236,202,310),(236,203,311),(236,204,312),(236,205,313),(236,631,314),(236,833,315),(236,826,316),(236,823,317),(236,831,318),(236,813,319),(236,827,320),(236,824,321),(236,814,322),(236,819,323),(236,689,324),(236,933,325),(236,964,326),(236,699,327),(236,79,328),(236,922,329),(236,936,330),(236,925,331),(236,937,332),(236,863,333),(236,864,334),(236,852,335),(236,872,336),(236,873,337),(236,926,338),(236,866,339),(236,923,340),(236,855,341),(236,875,342),(236,876,343),(236,927,344),(236,877,345),(236,878,346),(236,929,347),(236,928,348),(236,924,349),(236,921,350),(236,931,351),(236,932,352),(236,207,353),(236,930,354),(236,920,355),(236,918,356),(236,934,357),(236,935,358),(236,961,359),(236,957,360),(236,952,361),(236,956,362),(236,953,363),(236,954,364),(236,955,365),(236,951,366),(236,859,367),(236,950,368),(236,960,369),(236,959,370),(236,958,371),(236,810,372),(236,206,373),(236,861,374),(236,851,375),(236,867,376),(236,825,377),(236,119,378),(236,809,379),(236,811,380),(236,812,381),(236,568,382),(236,211,383),(236,108,384),(236,228,385),(236,137,386),(236,121,387),(236,113,388),(236,138,389),(236,139,390),(236,919,391),(236,564,392),(236,567,393),(236,565,394),(236,566,395),(236,962,396),(236,111,397),(236,114,398),(236,869,399),(236,865,400),(236,874,401),(236,853,402),(236,854,403),(236,856,404),(236,857,405),(236,858,406),(236,860,407),(236,862,408),(236,868,409),(236,870,410),(236,871,411),(236,148,412),(236,815,413),(236,816,414),(236,817,415),(236,818,416),(236,820,417),(236,821,418),(236,828,419),(236,829,420),(236,830,421),(236,832,422),(236,834,423),(236,835,424),(236,836,425),(236,117,426),(236,704,427),(236,705,428),(236,706,429),(236,707,430),(236,700,431),(236,972,432),(236,804,433),(236,801,434),(236,802,435),(236,973,436),(236,634,437),(236,979,438),(236,742,439),(236,750,440),(236,758,441),(236,752,442),(236,760,443),(236,751,444),(236,759,445),(236,977,446),(236,762,447),(236,761,448),(236,782,449),(236,783,450),(236,784,451),(236,785,452),(236,7,453),(236,781,454),(236,1001,455),(236,981,456),(236,983,457),(236,982,458),(236,991,459),(236,992,460),(236,978,461),(236,1000,462),(236,997,463),(236,989,464),(236,990,465),(236,988,466),(236,985,467),(236,996,468),(236,995,469),(236,987,470),(236,975,471),(236,976,472),(236,980,473),(236,984,474),(236,986,475),(236,999,476),(236,998,477),(236,993,478),(236,994,479),(236,164,480),(236,165,481),(236,166,482),(236,167,483),(236,168,484),(236,169,485),(236,170,486),(236,152,487),(236,153,488),(236,154,489),(236,155,490),(236,157,491),(236,1007,492),(236,1009,493),(236,1008,494),(236,974,495),(236,1019,496),(236,638,497),(236,1024,498),(236,698,499),(236,696,500),(236,703,501),(236,701,502),(236,702,503),(236,1037,504),(236,1038,505),(236,697,506),(236,1040,507),(236,713,508),(236,721,509),(236,722,510),(236,711,511),(236,719,512),(236,708,513),(236,149,514),(236,1044,515),(236,1047,516),(236,1054,517),(236,1055,518),(236,1056,519),(236,1057,520),(236,1061,521),(236,1062,522),(236,613,523),(236,618,524),(236,623,525),(329,725,0),(329,726,1),(321,107,0),(321,108,1),(321,109,2),(321,110,3),(321,111,4),(321,112,5),(321,113,6),(321,114,7),(321,115,8),(321,116,9),(321,117,10),(321,118,11),(321,119,12),(321,120,13),(321,121,14),(321,122,15),(321,124,16),(321,125,17),(321,126,18),(321,127,19),(321,128,20),(321,129,21),(321,130,22),(321,131,23),(321,132,24),(321,133,25),(321,134,26),(321,135,27),(321,136,28),(321,137,29),(321,138,30),(321,139,31),(321,140,32),(321,141,33),(321,142,34),(321,143,35),(321,144,36),(321,145,37),(321,146,38),(321,147,39),(321,148,40),(321,149,41),(321,150,42),(321,151,43),(321,152,44),(321,153,45),(321,154,46),(321,155,47),(321,156,48),(321,157,49),(321,158,50),(321,159,51),(321,160,52),(321,161,53),(321,162,54),(321,163,55),(321,164,56),(321,165,57),(321,166,58),(321,167,59),(321,168,60),(321,169,61),(321,170,62),(321,171,63),(321,172,64),(321,173,65),(321,174,66),(321,175,67),(321,176,68),(321,177,69),(321,178,70),(321,179,71),(321,180,72),(321,181,73),(321,182,74),(321,183,75),(321,184,76),(321,185,77),(321,186,78),(321,187,79),(321,188,80),(321,189,81),(321,190,82),(321,191,83),(321,192,84),(321,193,85),(321,194,86),(321,195,87),(321,196,88),(321,197,89),(321,198,90),(321,199,91),(321,200,92),(321,201,93),(321,202,94),(321,203,95),(321,204,96),(321,205,97),(321,206,98),(321,207,99),(321,208,100),(321,209,101),(321,210,102),(321,211,103),(321,212,104),(321,213,105),(321,214,106),(321,215,107),(321,216,108),(321,217,109),(321,218,110),(321,219,111),(321,220,112),(321,221,113),(321,222,114),(321,223,115),(321,224,116),(321,225,117),(321,226,118),(321,227,119),(321,228,120),(321,1056,121),(330,1076,0),(330,1077,1),(330,1078,2),(330,1079,3),(330,1080,4),(330,1081,5),(330,1082,6),(330,1083,7),(330,1084,8),(330,1085,9),(330,1086,10),(263,358,0),(263,359,1),(263,285,2),(263,286,3),(263,287,4),(263,288,5),(263,289,6),(263,292,7),(263,293,8),(263,294,9),(263,295,10),(263,296,11),(263,297,12),(263,298,13),(263,299,14),(263,300,15),(263,301,16),(263,302,17),(263,303,18),(263,304,19),(263,305,20),(263,306,21),(263,307,22),(263,308,23),(263,309,24),(263,310,25),(263,311,26),(263,312,27),(263,313,28),(263,314,29),(263,315,30),(263,316,31),(263,317,32),(263,318,33),(263,319,34),(263,320,35),(263,321,36),(263,322,37),(263,323,38),(263,324,39),(263,325,40),(263,326,41),(263,327,42),(263,328,43),(263,329,44),(263,330,45),(263,331,46),(263,332,47),(263,342,48),(263,343,49),(263,344,50),(263,345,51),(263,346,52),(263,347,53),(263,348,54),(263,349,55),(263,350,56),(263,351,57),(263,352,58),(263,353,59),(263,360,60),(263,361,61),(263,362,62),(263,363,63),(263,394,64),(263,395,65),(263,396,66),(263,397,67),(263,398,68),(263,399,69),(263,400,70),(263,401,71),(263,402,72),(263,403,73),(263,404,74),(263,405,75),(263,406,76),(263,407,77),(263,408,78),(263,409,79),(263,414,80),(263,415,81),(263,416,82),(263,417,83),(263,418,84),(263,419,85),(263,420,86),(263,421,87),(263,422,88),(263,423,89),(263,424,90),(263,425,91),(263,426,92),(263,427,93),(263,428,94),(263,429,95),(263,430,96),(263,431,97),(263,432,98),(263,433,99),(263,434,100),(263,435,101),(263,436,102),(263,437,103),(263,438,104),(263,439,105),(263,440,106),(263,441,107),(263,442,108),(263,443,109),(263,444,110),(263,445,111),(263,446,112),(263,447,113),(263,448,114),(263,449,115),(263,450,116),(263,451,117),(263,452,118),(263,453,119),(263,454,120),(263,455,121),(263,456,122),(263,457,123),(263,458,124),(263,459,125),(263,460,126),(263,461,127),(263,462,128),(263,463,129),(263,464,130),(263,465,131),(263,467,132),(263,468,133),(263,469,134),(263,369,135),(263,377,136),(263,375,137),(263,388,138),(263,382,139),(263,367,140),(263,366,141),(263,368,142),(263,374,143),(263,386,144),(263,373,145),(263,338,146),(263,337,147),(263,339,148),(263,340,149),(263,341,150),(263,365,151),(263,364,152),(263,273,153),(263,274,154),(263,275,155),(263,879,156),(263,336,157),(263,390,158),(263,391,159),(263,281,160),(263,282,161),(263,335,162),(263,279,163),(263,283,164),(263,280,165),(263,333,166),(263,372,167),(263,393,168),(263,412,169),(263,466,170),(263,277,171),(263,392,172),(263,371,173),(263,410,174),(263,389,175),(263,284,176),(263,411,177),(263,334,178),(263,387,179),(263,278,180),(263,413,181),(263,276,182),(263,1025,183),(263,1026,184),(263,1028,185),(263,1029,186),(323,880,0),(323,884,1),(323,883,2),(323,882,3),(323,885,4),(323,354,5),(323,355,6),(323,356,7),(323,881,8),(323,886,9),(273,475,0),(273,471,1),(273,473,2),(273,474,3),(273,480,4),(273,477,5),(273,478,6),(273,479,7),(273,476,8),(273,494,9),(273,495,10),(273,484,11),(273,490,12),(273,491,13),(273,492,14),(273,489,15),(273,497,16),(273,488,18),(273,486,19),(273,482,20),(273,493,22),(273,496,23),(273,472,25),(273,485,26),(238,536,0),(238,563,1),(238,582,2),(238,571,3),(238,135,4),(238,328,5),(238,649,6),(238,34,7),(238,575,8),(238,65,9),(238,128,10),(238,332,11),(238,587,12),(238,310,13),(238,538,14),(238,584,15),(238,315,16),(238,800,17),(238,768,18),(238,643,19),(238,535,20),(238,773,21),(238,576,22),(238,324,23),(238,329,24),(238,320,25),(238,588,26),(238,585,27),(238,728,28),(238,590,29),(238,540,30),(238,13,31),(238,318,32),(238,560,33),(238,663,34),(238,214,35),(238,593,36),(238,591,37),(238,573,38),(238,73,39),(238,660,40),(238,316,41),(238,537,42),(238,647,43),(238,532,44),(238,512,45),(238,636,46),(238,321,47),(238,610,48),(238,652,49),(238,136,50),(238,667,51),(238,322,52),(238,130,53),(238,561,54),(238,653,55),(238,661,56),(238,592,57),(238,577,58),(238,323,59),(238,662,60),(238,799,61),(238,604,62),(238,215,63),(238,572,64),(238,140,65),(238,630,66),(238,326,67),(238,501,68),(238,605,69),(238,330,70),(238,127,71),(238,319,72),(238,729,73),(238,589,74),(238,642,75),(238,664,76),(238,602,77),(238,311,78),(238,325,79),(238,607,80),(238,134,81),(238,579,82),(238,542,83),(238,646,84),(238,640,85),(238,216,86),(238,131,87),(238,651,88),(238,596,89),(238,637,90),(238,641,91),(238,40,92),(238,656,93),(238,608,94),(238,309,95),(238,580,96),(238,599,97),(238,650,98),(238,658,99),(238,594,100),(238,665,101),(238,609,102),(238,217,103),(238,27,104),(238,659,105),(238,655,106),(238,218,107),(238,600,108),(238,644,109),(238,539,110),(238,314,111),(238,645,112),(238,666,113),(238,327,114),(238,562,115),(238,635,116),(238,61,117),(238,179,118),(238,317,119),(238,648,120),(238,581,121),(238,777,122),(238,58,123),(238,331,124),(238,654,125),(238,769,126),(238,63,127),(238,586,128),(238,312,129),(238,597,130),(238,601,131),(238,598,132),(238,570,133),(238,313,134),(238,212,135),(238,64,136),(238,129,137),(238,606,138),(238,629,139),(238,578,140),(238,583,141),(238,557,142),(238,308,143),(238,603,144),(238,369,145),(238,358,146),(238,359,147),(238,779,148),(238,803,149),(238,805,150),(238,806,151),(238,808,152),(238,514,153),(238,558,154),(238,515,155),(238,475,156),(238,471,157),(238,473,158),(238,502,159),(238,513,160),(238,517,161),(238,518,162),(238,519,163),(238,520,164),(238,521,165),(238,522,166),(238,523,167),(238,524,168),(238,525,169),(238,526,170),(238,527,171),(238,528,172),(238,529,173),(238,530,174),(238,531,175),(238,533,176),(238,534,177),(238,541,178),(238,545,179),(238,546,180),(238,547,181),(238,548,182),(238,549,183),(238,551,184),(238,552,185),(238,553,186),(238,554,187),(238,555,188),(238,556,189),(238,559,190),(238,1004,191),(238,146,192),(238,124,193),(238,122,194),(238,125,195),(238,126,196),(238,132,197),(238,133,198),(238,1003,199),(238,1005,200),(238,1011,201),(238,1010,202),(238,474,203),(238,480,204),(238,477,205),(238,478,206),(238,479,207),(238,476,208),(238,494,209),(238,495,210),(238,484,211),(238,490,212),(238,491,213),(238,492,214),(238,497,215),(238,487,216),(238,488,217),(238,486,218),(238,482,219),(238,493,220),(238,496,221),(238,730,222),(238,342,224),(238,343,225),(238,344,226),(238,346,228),(238,348,230),(238,349,231),(238,350,232),(238,351,233),(238,352,234),(238,353,235),(238,360,236),(238,361,237),(238,362,238),(238,414,239),(238,415,240),(238,416,241),(238,417,242),(238,418,243),(238,419,244),(238,420,245),(238,421,246),(238,422,247),(238,424,248),(238,425,249),(238,426,250),(238,427,251),(238,428,252),(238,429,253),(238,430,254),(238,431,255),(238,432,256),(238,433,257),(238,434,258),(238,435,259),(238,436,260),(238,437,261),(238,438,262),(238,439,263),(238,440,264),(238,441,265),(238,442,266),(238,443,267),(238,444,268),(238,445,269),(238,446,270),(238,447,271),(238,448,272),(238,449,273),(238,450,274),(238,451,275),(238,452,276),(238,453,277),(238,454,278),(238,455,279),(238,456,280),(238,457,281),(238,458,282),(238,459,283),(238,460,284),(238,461,285),(238,462,286),(238,463,287),(238,464,288),(238,465,289),(238,467,290),(238,468,291),(238,469,292),(238,733,293),(238,734,294),(238,735,295),(238,736,296),(238,737,297),(238,43,298),(238,44,299),(238,45,300),(238,763,301),(238,764,302),(238,780,303),(238,46,304),(238,778,305),(238,776,306),(238,775,307),(238,774,308),(238,47,309),(238,771,310),(238,48,311),(238,49,312),(238,120,313),(238,201,314),(238,202,315),(238,203,316),(238,204,317),(238,205,318),(238,631,319),(238,377,320),(238,833,321),(238,823,322),(238,831,323),(238,813,324),(238,827,325),(238,824,326),(238,814,327),(238,819,328),(238,689,329),(238,79,330),(238,375,331),(238,863,332),(238,388,333),(238,382,334),(238,864,335),(238,367,336),(238,366,337),(238,368,338),(238,852,339),(238,872,340),(238,873,341),(238,855,342),(238,875,343),(238,877,344),(238,374,345),(238,386,346),(238,373,347),(238,207,348),(238,859,349),(238,810,350),(238,206,351),(238,851,352),(238,867,353),(238,825,354),(238,119,355),(238,809,356),(238,811,357),(238,812,358),(238,568,359),(238,273,360),(238,274,361),(238,275,362),(238,567,363),(238,565,364),(238,566,365),(238,111,366),(238,869,367),(238,865,368),(238,874,369),(238,853,370),(238,854,371),(238,856,372),(238,857,373),(238,858,374),(238,860,375),(238,862,376),(238,868,377),(238,870,378),(238,871,379),(238,336,380),(238,390,381),(238,148,382),(238,815,383),(238,816,384),(238,818,385),(238,821,386),(238,829,387),(238,830,388),(238,832,389),(238,834,390),(238,835,391),(238,836,392),(238,117,393),(238,972,394),(238,804,395),(238,801,396),(238,802,397),(238,973,398),(238,634,399),(238,979,400),(238,742,401),(238,977,402),(238,782,403),(238,783,404),(238,784,405),(238,785,406),(238,7,407),(238,781,408),(238,991,409),(238,391,410),(238,992,411),(238,281,412),(238,282,413),(238,335,414),(238,279,415),(238,283,416),(238,280,417),(238,333,418),(238,393,419),(238,412,420),(238,466,421),(238,277,422),(238,392,423),(238,410,424),(238,389,425),(238,284,426),(238,411,427),(238,334,428),(238,387,429),(238,978,430),(238,278,431),(238,413,432),(238,1000,433),(238,989,434),(238,990,435),(238,996,436),(238,995,437),(238,987,438),(238,975,439),(238,976,440),(238,984,441),(238,998,442),(238,993,443),(238,994,444),(238,1007,445),(238,1009,446),(238,1008,447),(238,974,448),(238,276,449),(238,363,450),(238,340,451),(238,337,452),(238,341,453),(238,365,454),(238,114,455),(238,1019,456),(238,982,457),(238,985,458),(238,988,459),(238,1012,460),(238,983,461),(238,986,462),(238,1002,463),(238,876,464),(238,866,465),(238,861,466),(238,638,467),(238,766,468),(238,657,469),(238,170,470),(238,166,471),(238,1025,472),(238,1026,473),(238,1030,474),(238,970,475),(238,997,476),(238,999,477),(238,971,478),(238,155,479),(238,1028,480),(238,157,481),(238,156,482),(238,154,483),(238,165,484),(238,164,485),(238,169,486),(238,153,487),(238,167,488),(238,1031,489),(238,149,490),(238,1043,491),(238,550,492),(238,698,493),(238,700,494),(238,696,495),(238,703,496),(238,701,497),(238,702,498),(238,704,499),(238,705,500),(238,706,501),(238,707,502),(238,697,503),(238,713,504),(238,721,505),(238,722,506),(238,711,507),(238,719,508),(238,1029,509),(238,1038,510),(238,1040,511),(238,708,512),(238,1054,513),(238,1060,514),(238,1052,515),(238,1055,516),(238,152,517),(238,1044,518),(238,1056,519),(238,1047,520),(238,1062,521),(238,820,522),(238,1015,523),(238,612,524),(238,498,525),(238,628,526),(238,625,527),(238,470,528),(238,624,529),(238,500,530),(238,611,531),(238,1014,532),(238,626,533),(238,499,534),(238,613,535),(238,618,536),(238,623,537),(238,614,538),(238,615,539),(238,619,540),(238,621,541),(238,622,542),(238,807,543),(238,617,544),(238,616,545),(238,620,546),(238,682,547),(238,794,548),(238,840,549),(238,790,550),(238,679,551),(238,693,552),(238,789,553),(238,795,554),(238,839,555),(238,683,556),(238,716,557),(238,709,558),(238,677,559),(238,787,560),(238,727,561),(238,850,562),(238,797,563),(238,788,564),(238,686,565),(238,844,566),(238,740,567),(238,793,568),(238,694,569),(238,847,570),(238,688,571),(238,838,572),(238,718,573),(238,841,574),(238,743,575),(238,695,576),(238,720,577),(238,739,578),(238,712,579),(238,690,580),(238,692,581),(238,710,582),(238,681,583),(238,792,584),(238,842,585),(238,678,586),(238,798,587),(238,786,588),(238,714,589),(238,715,590),(238,849,591),(238,687,592),(238,796,593),(238,723,594),(238,717,595),(238,848,596),(238,791,597),(238,685,598),(238,846,599),(238,724,600),(238,668,601),(238,674,602),(238,675,603),(238,669,604),(238,670,605),(325,880,0),(325,884,1),(325,883,2),(325,882,3),(325,885,4),(325,354,5),(325,355,6),(325,356,7),(325,881,8),(325,886,9),(325,725,10),(325,726,11),(223,572,0),(223,527,1),(223,531,2),(223,552,3),(223,563,4),(223,569,5),(223,582,6),(223,501,7),(223,571,8),(223,605,9),(223,575,10),(223,555,11),(223,521,12),(223,589,13),(223,545,14),(223,534,15),(223,587,16),(223,546,17),(223,602,18),(223,584,19),(223,517,20),(223,607,21),(223,579,22),(223,502,23),(223,542,24),(223,576,25),(223,596,26),(223,553,27),(223,588,28),(223,608,29),(223,541,30),(223,515,31),(223,580,32),(223,574,33),(223,551,34),(223,599,35),(223,526,36),(223,548,37),(223,550,38),(223,525,39),(223,594,40),(223,585,41),(223,609,42),(223,519,43),(223,590,44),(223,556,45),(223,518,46),(223,560,47),(223,600,48),(223,595,49),(223,529,50),(223,593,51),(223,523,52),(223,530,53),(223,562,54),(223,591,55),(223,573,56),(223,528,57),(223,522,58),(223,581,59),(223,520,60),(223,532,61),(223,516,62),(223,524,63),(223,513,64),(223,514,65),(223,559,66),(223,586,67),(223,610,68),(223,597,69),(223,601,70),(223,598,71),(223,570,72),(223,561,73),(223,533,74),(223,606,75),(223,554,76),(223,578,77),(223,592,78),(223,583,79),(223,577,80),(223,547,81),(223,549,82),(223,558,83),(223,557,84),(223,604,85),(223,603,86),(223,503,87),(223,504,88),(223,505,89),(223,506,90),(223,507,91),(223,508,92),(223,509,93),(223,510,94),(223,511,95),(223,512,96),(223,536,97),(223,537,98),(223,538,99),(223,539,100),(223,535,101),(223,540,102),(223,568,103),(223,564,104),(223,567,105),(223,565,106),(223,566,107),(223,543,108),(223,544,109),(237,582,0),(237,649,1),(237,507,2),(237,506,3),(237,128,4),(237,332,5),(237,587,6),(237,938,7),(237,310,8),(237,538,9),(237,941,10),(237,584,11),(237,315,12),(237,945,13),(237,915,14),(237,535,15),(237,324,16),(237,329,17),(237,320,18),(237,588,19),(237,585,20),(237,590,21),(237,132,22),(237,540,23),(237,13,24),(237,318,25),(237,593,26),(237,73,27),(237,939,28),(237,660,29),(237,316,30),(237,537,31),(237,647,32),(237,321,33),(237,610,34),(237,136,35),(237,667,36),(237,322,37),(237,661,38),(237,215,39),(237,140,40),(237,947,41),(237,501,42),(237,330,43),(237,511,44),(237,589,45),(237,664,46),(237,602,47),(237,311,48),(237,504,49),(237,607,50),(237,134,51),(237,579,52),(237,914,53),(237,542,54),(237,216,55),(237,596,56),(237,637,57),(237,40,58),(237,641,59),(237,608,60),(237,580,61),(237,599,62),(237,658,63),(237,217,64),(237,916,65),(237,218,66),(237,644,67),(237,314,68),(237,179,69),(237,635,70),(237,648,71),(237,942,72),(237,581,73),(237,58,74),(237,601,75),(237,598,76),(237,570,77),(237,212,78),(237,64,79),(237,503,80),(237,557,81),(237,603,82),(237,536,83),(237,563,84),(237,571,85),(237,328,86),(237,135,87),(237,949,88),(237,34,89),(237,575,90),(237,65,91),(237,124,92),(237,126,93),(237,643,94),(237,576,95),(237,965,96),(237,125,97),(237,560,98),(237,663,99),(237,214,100),(237,591,101),(237,573,102),(237,532,103),(237,505,104),(237,512,105),(237,636,106),(237,652,107),(237,133,108),(237,561,109),(237,653,110),(237,592,111),(237,577,112),(237,323,113),(237,662,114),(237,604,115),(237,572,116),(237,946,117),(237,630,118),(237,326,119),(237,605,120),(237,319,121),(237,963,122),(237,642,123),(237,325,124),(237,943,125),(237,646,126),(237,640,127),(237,651,128),(237,656,129),(237,948,130),(237,309,131),(237,510,132),(237,650,133),(237,594,134),(237,665,135),(237,609,136),(237,27,137),(237,659,138),(237,655,139),(237,600,140),(237,917,141),(237,539,142),(237,645,143),(237,666,144),(237,327,145),(237,61,146),(237,562,147),(237,317,148),(237,940,149),(237,331,150),(237,654,151),(237,509,152),(237,63,153),(237,586,154),(237,312,155),(237,597,156),(237,944,157),(237,313,158),(237,129,159),(237,606,160),(237,629,161),(237,578,162),(237,583,163),(237,308,164),(237,358,165),(237,359,166),(237,514,167),(237,558,168),(237,515,169),(237,471,170),(237,473,171),(237,475,172),(237,502,173),(237,513,174),(237,517,175),(237,518,176),(237,519,177),(237,520,178),(237,521,179),(237,522,180),(237,523,181),(237,524,182),(237,525,183),(237,526,184),(237,527,185),(237,528,186),(237,529,187),(237,530,188),(237,531,189),(237,533,190),(237,534,191),(237,541,192),(237,545,193),(237,546,194),(237,547,195),(237,548,196),(237,549,197),(237,551,198),(237,552,199),(237,553,200),(237,554,201),(237,555,202),(237,556,203),(237,559,204),(237,146,205),(237,122,206),(237,130,207),(237,131,208),(237,127,209),(237,474,210),(237,480,211),(237,477,212),(237,478,213),(237,479,214),(237,476,215),(237,494,216),(237,495,217),(237,484,218),(237,490,219),(237,491,220),(237,492,221),(237,497,222),(237,487,223),(237,488,224),(237,486,225),(237,482,226),(237,493,227),(237,342,229),(237,343,230),(237,344,231),(237,346,233),(237,348,235),(237,349,236),(237,350,237),(237,351,238),(237,352,239),(237,353,240),(237,360,241),(237,361,242),(237,362,243),(237,394,244),(237,395,245),(237,396,246),(237,397,247),(237,398,248),(237,399,249),(237,400,250),(237,401,251),(237,402,252),(237,403,253),(237,404,254),(237,405,255),(237,406,256),(237,407,257),(237,408,258),(237,409,259),(237,414,260),(237,415,261),(237,416,262),(237,417,263),(237,418,264),(237,419,265),(237,420,266),(237,421,267),(237,422,268),(237,424,269),(237,425,270),(237,426,271),(237,427,272),(237,428,273),(237,429,274),(237,430,275),(237,431,276),(237,432,277),(237,433,278),(237,434,279),(237,435,280),(237,436,281),(237,437,282),(237,438,283),(237,439,284),(237,440,285),(237,441,286),(237,442,287),(237,443,288),(237,444,289),(237,445,290),(237,446,291),(237,447,292),(237,448,293),(237,449,294),(237,450,295),(237,451,296),(237,452,297),(237,453,298),(237,454,299),(237,455,300),(237,456,301),(237,457,302),(237,458,303),(237,459,304),(237,460,305),(237,461,306),(237,462,307),(237,463,308),(237,464,309),(237,465,310),(237,467,311),(237,468,312),(237,469,313),(237,43,314),(237,44,315),(237,45,316),(237,46,317),(237,47,318),(237,48,319),(237,49,320),(237,120,321),(237,201,322),(237,202,323),(237,203,324),(237,204,325),(237,205,326),(237,631,327),(237,933,328),(237,79,329),(237,936,330),(237,925,331),(237,375,332),(237,863,333),(237,864,334),(237,852,335),(237,872,336),(237,873,337),(237,926,338),(237,923,339),(237,855,340),(237,875,341),(237,927,342),(237,877,343),(237,929,344),(237,928,345),(237,924,346),(237,921,347),(237,931,348),(237,932,349),(237,207,350),(237,930,351),(237,920,352),(237,918,353),(237,961,354),(237,957,355),(237,952,356),(237,956,357),(237,954,358),(237,859,359),(237,960,360),(237,959,361),(237,206,362),(237,851,363),(237,867,364),(237,119,365),(237,568,366),(237,567,367),(237,565,368),(237,566,369),(237,111,370),(237,869,371),(237,865,372),(237,874,373),(237,336,374),(237,390,375),(237,148,376),(237,117,377),(237,634,378),(237,7,379),(237,391,380),(237,281,381),(237,282,382),(237,335,383),(237,279,384),(237,283,385),(237,280,386),(237,333,387),(237,393,388),(237,412,389),(237,466,390),(237,277,391),(237,392,392),(237,410,393),(237,389,394),(237,284,395),(237,411,396),(237,334,397),(237,387,398),(237,278,399),(237,413,400),(237,363,401),(237,340,402),(237,337,403),(237,341,404),(237,365,405),(237,114,406),(237,889,407),(237,893,408),(237,894,409),(237,895,410),(237,898,411),(237,899,412),(237,900,413),(237,901,414),(237,905,415),(237,906,416),(237,910,417),(237,911,418),(237,912,419),(237,913,420),(237,638,421),(237,657,422),(237,170,423),(237,892,424),(237,896,425),(237,897,426),(237,902,427),(237,903,428),(237,904,429),(237,907,430),(237,166,431),(237,908,432),(237,909,433),(237,922,434),(237,966,435),(237,967,436),(237,968,437),(237,969,438),(237,891,439),(237,964,440),(237,935,441),(237,934,442),(237,937,443),(237,953,444),(237,955,445),(237,951,446),(237,962,447),(237,919,448),(237,958,449),(237,155,450),(237,157,451),(237,156,452),(237,154,453),(237,165,454),(237,164,455),(237,169,456),(237,153,457),(237,167,458),(237,950,459),(237,890,460),(237,149,461),(237,550,462),(237,1052,463),(237,152,464),(237,1063,465),(237,1056,466),(237,1015,467),(237,612,468),(237,498,469),(237,1013,470),(237,470,471),(237,624,472),(237,500,473),(237,627,474),(237,611,475),(237,499,476),(237,483,477),(237,472,478),(237,485,479),(237,35,480),(237,30,481),(237,67,482),(237,80,483),(237,19,484),(237,57,485),(237,6,486),(237,66,487),(237,12,488),(237,5,489),(237,81,490),(237,70,491),(237,17,492),(237,77,493),(237,36,494),(237,18,495),(237,32,496),(237,53,497),(237,22,498),(237,16,499),(237,42,500),(237,23,501),(237,24,502),(237,39,503),(237,37,504),(237,71,505),(237,62,506),(237,59,507),(237,9,508),(237,78,509),(237,56,510),(237,41,511),(237,8,512),(237,69,513),(237,74,514),(324,880,0),(324,884,1),(324,883,2),(324,882,3),(324,885,4),(324,355,5),(324,881,6),(227,684,0),(227,796,1),(227,689,2),(227,702,3),(227,775,4),(227,741,5),(227,815,6),(227,772,7),(227,838,8),(227,692,9),(227,694,10),(227,816,11),(227,710,12),(227,831,13),(227,765,14),(227,791,15),(227,824,16),(227,737,17),(227,768,18),(227,754,19),(227,850,20),(227,773,21),(227,819,22),(227,836,23),(227,774,24),(227,846,25),(227,813,26),(227,744,27),(227,685,28),(227,730,29),(227,746,30),(227,835,31),(227,755,32),(227,828,33),(227,727,34),(227,728,35),(227,757,36),(227,832,37),(227,718,38),(227,789,39),(227,687,40),(227,814,41),(227,686,42),(227,732,43),(227,834,44),(227,763,45),(227,715,46),(227,734,47),(227,690,48),(227,697,49),(227,723,50),(227,794,51),(227,680,52),(227,721,53),(227,733,54),(227,683,55),(227,749,56),(227,822,57),(227,756,58),(227,780,59),(227,779,60),(227,704,61),(227,823,62),(227,795,63),(227,720,64),(227,714,65),(227,731,66),(227,837,67),(227,736,68),(227,770,69),(227,849,70),(227,842,71),(227,821,72),(227,719,73),(227,681,74),(227,682,75),(227,678,76),(227,787,77),(227,797,78),(227,793,79),(227,729,80),(227,695,81),(227,833,82),(227,844,83),(227,735,84),(227,712,85),(227,776,86),(227,792,87),(227,679,88),(227,843,89),(227,820,90),(227,764,91),(227,747,92),(227,708,93),(227,827,94),(227,840,95),(227,696,96),(227,743,97),(227,748,98),(227,716,99),(227,845,100),(227,841,101),(227,771,102),(227,724,103),(227,753,104),(227,701,105),(227,848,106),(227,705,107),(227,688,108),(227,826,109),(227,839,110),(227,722,111),(227,717,112),(227,706,113),(227,830,114),(227,788,115),(227,709,116),(227,739,117),(227,777,118),(227,707,119),(227,766,120),(227,847,121),(227,745,122),(227,786,123),(227,700,124),(227,713,125),(227,698,126),(227,769,127),(227,740,128),(227,817,129),(227,829,130),(227,798,131),(227,677,132),(227,693,133),(227,778,134),(227,818,135),(227,767,136),(227,703,137),(227,711,138),(227,790,139),(227,691,140),(227,699,141),(227,738,142),(227,810,143),(227,825,144),(227,809,145),(227,811,146),(227,812,147),(227,742,148),(227,750,149),(227,758,150),(227,752,151),(227,760,152),(227,751,153),(227,759,154),(227,762,155),(227,761,156),(227,782,157),(227,783,158),(227,784,159),(227,785,160),(227,781,161),(328,725,0),(328,726,1),(224,616,0),(224,617,1),(224,615,2),(224,622,3),(224,806,4),(224,619,5),(224,623,6),(224,803,7),(224,613,8),(224,807,9),(224,804,10),(224,805,11),(224,614,12),(224,800,13),(224,808,14),(224,620,15),(224,618,16),(224,799,17),(224,621,18),(224,801,19),(224,802,20),(222,626,0),(222,1015,1),(222,498,2),(222,470,3),(222,1014,4),(222,612,5),(222,624,6),(222,625,7),(222,628,8),(222,500,9),(222,611,10),(222,1013,11),(222,499,12),(222,627,13),(297,4,0),(297,5,1),(297,6,2),(297,8,3),(297,9,4),(297,10,5),(297,11,6),(297,12,7),(297,13,8),(297,14,9),(297,15,10),(297,16,11),(297,18,12),(297,19,13),(297,20,14),(297,21,15),(297,22,16),(297,23,17),(297,24,18),(297,25,19),(297,26,20),(297,27,21),(297,28,22),(297,29,23),(297,30,24),(297,31,25),(297,32,26),(297,33,27),(297,34,28),(297,35,29),(297,36,30),(297,37,31),(297,38,32),(297,39,33),(297,40,34),(297,41,35),(297,42,36),(297,44,37),(297,47,38),(297,48,39),(297,49,40),(297,50,41),(297,51,42),(297,52,43),(297,53,44),(297,54,45),(297,55,46),(297,56,47),(297,57,48),(297,58,49),(297,59,50),(297,60,51),(297,61,52),(297,62,53),(297,63,54),(297,64,55),(297,65,56),(297,66,57),(297,67,58),(297,68,59),(297,69,60),(297,70,61),(297,71,62),(297,72,63),(297,73,64),(297,74,65),(297,75,66),(297,76,67),(297,77,68),(297,78,69),(297,79,70),(297,80,71),(297,81,72),(297,273,73),(297,274,74),(297,275,75),(297,613,76),(297,614,77),(297,615,78),(297,616,79),(297,617,80),(297,618,81),(297,619,82),(297,620,83),(297,621,84),(297,622,85),(297,623,86),(297,628,87),(297,1014,88),(297,7,89),(297,276,90),(297,1057,91),(297,138,92),(300,4,0),(300,5,1),(300,6,2),(300,8,3),(300,9,4),(300,10,5),(300,11,6),(300,12,7),(300,13,8),(300,14,9),(300,15,10),(300,16,11),(300,18,12),(300,19,13),(300,20,14),(300,21,15),(300,22,16),(300,23,17),(300,24,18),(300,25,19),(300,26,20),(300,27,21),(300,28,22),(300,29,23),(300,30,24),(300,31,25),(300,32,26),(300,33,27),(300,34,28),(300,35,29),(300,36,30),(300,37,31),(300,38,32),(300,39,33),(300,40,34),(300,41,35),(300,42,36),(300,44,37),(300,47,38),(300,48,39),(300,49,40),(300,50,41),(300,51,42),(300,52,43),(300,53,44),(300,54,45),(300,55,46),(300,56,47),(300,57,48),(300,58,49),(300,59,50),(300,60,51),(300,61,52),(300,62,53),(300,63,54),(300,64,55),(300,65,56),(300,66,57),(300,67,58),(300,68,59),(300,69,60),(300,70,61),(300,71,62),(300,72,63),(300,73,64),(300,74,65),(300,75,66),(300,76,67),(300,77,68),(300,78,69),(300,79,70),(300,80,71),(300,81,72),(300,627,73),(300,1013,74),(300,7,75),(300,138,76),(300,139,77),(300,1162,78),(300,1024,79),(296,4,0),(296,5,1),(296,6,2),(296,8,3),(296,9,4),(296,10,5),(296,11,6),(296,12,7),(296,13,8),(296,14,9),(296,15,10),(296,16,11),(296,17,12),(296,18,13),(296,19,14),(296,20,15),(296,21,16),(296,22,17),(296,23,18),(296,24,19),(296,25,20),(296,26,21),(296,27,22),(296,28,23),(296,29,24),(296,30,25),(296,31,26),(296,32,27),(296,33,28),(296,34,29),(296,35,30),(296,36,31),(296,37,32),(296,38,33),(296,39,34),(296,40,35),(296,41,36),(296,42,37),(296,44,38),(296,47,39),(296,48,40),(296,49,41),(296,50,42),(296,51,43),(296,52,44),(296,53,45),(296,54,46),(296,55,47),(296,56,48),(296,57,49),(296,58,50),(296,59,51),(296,60,52),(296,61,53),(296,62,54),(296,63,55),(296,64,56),(296,65,57),(296,66,58),(296,67,59),(296,68,60),(296,69,61),(296,70,62),(296,71,63),(296,72,64),(296,73,65),(296,74,66),(296,75,67),(296,76,68),(296,77,69),(296,78,70),(296,79,71),(296,80,72),(296,81,73),(296,107,74),(296,109,75),(296,110,76),(296,111,77),(296,112,78),(296,115,79),(296,116,80),(296,118,81),(296,119,82),(296,141,83),(296,142,84),(296,143,85),(296,144,86),(296,145,87),(296,146,88),(296,147,89),(296,150,90),(296,151,91),(296,158,92),(296,159,93),(296,160,94),(296,161,95),(296,162,96),(296,163,97),(296,171,98),(296,172,99),(296,173,100),(296,174,101),(296,175,102),(296,176,103),(296,177,104),(296,178,105),(296,179,106),(296,180,107),(296,181,108),(296,182,109),(296,183,110),(296,184,111),(296,185,112),(296,186,113),(296,187,114),(296,188,115),(296,189,116),(296,190,117),(296,191,118),(296,192,119),(296,193,120),(296,194,121),(296,195,122),(296,196,123),(296,197,124),(296,198,125),(296,199,126),(296,200,127),(296,206,128),(296,207,129),(296,208,130),(296,209,131),(296,210,132),(296,212,133),(296,213,134),(296,214,135),(296,215,136),(296,216,137),(296,217,138),(296,218,139),(296,219,140),(296,220,141),(296,221,142),(296,222,143),(296,223,144),(296,224,145),(296,225,146),(296,226,147),(296,249,148),(296,250,149),(296,251,150),(296,252,151),(296,253,152),(296,254,153),(296,255,154),(296,256,155),(296,257,156),(296,258,157),(296,470,158),(296,498,159),(296,499,160),(296,500,161),(296,501,162),(296,502,163),(296,513,164),(296,517,165),(296,518,166),(296,519,167),(296,520,168),(296,521,169),(296,522,170),(296,523,171),(296,524,172),(296,525,173),(296,526,174),(296,527,175),(296,528,176),(296,529,177),(296,530,178),(296,531,179),(296,533,180),(296,534,181),(296,541,182),(296,542,183),(296,547,184),(296,548,185),(296,549,186),(296,551,187),(296,552,188),(296,553,189),(296,554,190),(296,555,191),(296,556,192),(296,557,193),(296,559,194),(296,560,195),(296,561,196),(296,562,197),(296,563,198),(296,565,199),(296,566,200),(296,567,201),(296,568,202),(296,570,203),(296,571,204),(296,572,205),(296,573,206),(296,575,207),(296,576,208),(296,577,209),(296,578,210),(296,579,211),(296,580,212),(296,581,213),(296,583,214),(296,584,215),(296,585,216),(296,586,217),(296,588,218),(296,589,219),(296,590,220),(296,591,221),(296,592,222),(296,593,223),(296,594,224),(296,596,225),(296,597,226),(296,598,227),(296,599,228),(296,600,229),(296,601,230),(296,602,231),(296,604,232),(296,605,233),(296,606,234),(296,607,235),(296,608,236),(296,609,237),(296,610,238),(296,611,239),(296,612,240),(296,613,241),(296,614,242),(296,615,243),(296,616,244),(296,617,245),(296,618,246),(296,619,247),(296,620,248),(296,621,249),(296,622,250),(296,623,251),(296,624,252),(296,625,253),(296,626,254),(296,630,255),(296,631,256),(296,632,257),(296,633,258),(296,635,259),(296,636,260),(296,637,261),(296,639,262),(296,640,263),(296,641,264),(296,643,265),(296,644,266),(296,645,267),(296,647,268),(296,648,269),(296,649,270),(296,650,271),(296,651,272),(296,652,273),(296,654,274),(296,655,275),(296,656,276),(296,658,277),(296,660,278),(296,661,279),(296,662,280),(296,663,281),(296,664,282),(296,665,283),(296,666,284),(296,851,285),(296,853,286),(296,854,287),(296,855,288),(296,856,289),(296,857,290),(296,858,291),(296,859,292),(296,860,293),(296,862,294),(296,863,295),(296,865,296),(296,867,297),(296,868,298),(296,869,299),(296,870,300),(296,871,301),(296,872,302),(296,873,303),(296,874,304),(296,875,305),(296,877,306),(296,1003,307),(296,1004,308),(296,1005,309),(296,1015,310),(296,532,311),(296,148,312),(296,582,313),(296,515,314),(296,558,315),(296,545,316),(296,546,317),(296,122,318),(296,117,319),(296,124,320),(296,125,321),(296,126,322),(296,127,323),(296,128,324),(296,130,325),(296,131,326),(296,132,327),(296,133,328),(296,134,329),(296,667,330),(296,135,331),(296,136,332),(296,140,333),(296,129,334),(296,603,335),(296,634,336),(296,646,337),(296,642,338),(296,1010,339),(296,7,340),(296,659,341),(296,653,342),(296,587,343),(296,629,344),(296,514,345),(296,201,346),(296,202,347),(296,203,348),(296,204,349),(296,205,350),(296,120,351),(296,1011,352),(296,972,353),(296,1007,354),(296,1009,355),(296,1008,356),(296,973,357),(296,974,358),(296,975,359),(296,976,360),(296,977,361),(296,979,362),(296,978,363),(296,984,364),(296,987,365),(296,989,366),(296,990,367),(296,991,368),(296,992,369),(296,993,370),(296,994,371),(296,998,372),(296,1000,373),(296,995,374),(296,996,375),(296,114,376),(296,982,377),(296,985,378),(296,988,379),(296,1012,380),(296,983,381),(296,986,382),(296,1002,383),(296,866,384),(296,861,385),(296,638,386),(296,657,387),(296,170,388),(296,166,389),(296,970,390),(296,997,391),(296,999,392),(296,971,393),(296,155,394),(296,157,395),(296,156,396),(296,154,397),(296,165,398),(296,164,399),(296,169,400),(296,153,401),(296,167,402),(296,149,403),(296,550,404),(296,152,405),(296,1056,406),(296,1057,407),(296,1001,408),(296,543,409),(296,544,410),(296,227,411),(296,980,412),(296,981,413),(296,1146,414),(296,1150,415),(296,574,416),(296,211,417),(296,108,418),(296,228,419),(296,121,420),(296,138,421),(296,113,422),(296,139,423),(296,569,424),(296,1162,425),(299,4,0),(299,5,1),(299,6,2),(299,8,3),(299,9,4),(299,10,5),(299,11,6),(299,12,7),(299,13,8),(299,14,9),(299,15,10),(299,16,11),(299,17,12),(299,18,13),(299,19,14),(299,20,15),(299,21,16),(299,22,17),(299,23,18),(299,24,19),(299,25,20),(299,26,21),(299,27,22),(299,28,23),(299,29,24),(299,30,25),(299,31,26),(299,32,27),(299,33,28),(299,34,29),(299,35,30),(299,36,31),(299,37,32),(299,38,33),(299,39,34),(299,40,35),(299,41,36),(299,42,37),(299,44,38),(299,47,39),(299,48,40),(299,49,41),(299,50,42),(299,51,43),(299,52,44),(299,53,45),(299,54,46),(299,55,47),(299,56,48),(299,57,49),(299,58,50),(299,59,51),(299,60,52),(299,61,53),(299,62,54),(299,63,55),(299,64,56),(299,65,57),(299,66,58),(299,67,59),(299,68,60),(299,69,61),(299,70,62),(299,71,63),(299,72,64),(299,73,65),(299,74,66),(299,75,67),(299,76,68),(299,77,69),(299,78,70),(299,79,71),(299,80,72),(299,81,73),(299,107,74),(299,109,75),(299,110,76),(299,111,77),(299,112,78),(299,115,79),(299,116,80),(299,118,81),(299,119,82),(299,141,83),(299,142,84),(299,143,85),(299,144,86),(299,145,87),(299,146,88),(299,147,89),(299,150,90),(299,151,91),(299,158,92),(299,159,93),(299,160,94),(299,161,95),(299,162,96),(299,163,97),(299,171,98),(299,172,99),(299,173,100),(299,174,101),(299,175,102),(299,176,103),(299,177,104),(299,178,105),(299,179,106),(299,180,107),(299,181,108),(299,182,109),(299,183,110),(299,184,111),(299,185,112),(299,186,113),(299,187,114),(299,188,115),(299,189,116),(299,190,117),(299,191,118),(299,192,119),(299,193,120),(299,194,121),(299,195,122),(299,196,123),(299,197,124),(299,198,125),(299,199,126),(299,200,127),(299,206,128),(299,207,129),(299,208,130),(299,209,131),(299,210,132),(299,212,133),(299,213,134),(299,214,135),(299,215,136),(299,216,137),(299,217,138),(299,218,139),(299,219,140),(299,220,141),(299,221,142),(299,222,143),(299,223,144),(299,224,145),(299,225,146),(299,226,147),(299,402,148),(299,405,149),(299,406,150),(299,470,151),(299,498,152),(299,499,153),(299,500,154),(299,501,155),(299,502,156),(299,503,157),(299,504,158),(299,505,159),(299,506,160),(299,507,161),(299,509,162),(299,510,163),(299,511,164),(299,512,165),(299,513,166),(299,517,167),(299,518,168),(299,519,169),(299,520,170),(299,521,171),(299,522,172),(299,523,173),(299,524,174),(299,525,175),(299,526,176),(299,527,177),(299,528,178),(299,529,179),(299,530,180),(299,531,181),(299,533,182),(299,534,183),(299,535,184),(299,536,185),(299,537,186),(299,538,187),(299,539,188),(299,540,189),(299,541,190),(299,542,191),(299,547,192),(299,548,193),(299,549,194),(299,551,195),(299,552,196),(299,553,197),(299,554,198),(299,555,199),(299,556,200),(299,557,201),(299,559,202),(299,560,203),(299,561,204),(299,562,205),(299,563,206),(299,565,207),(299,566,208),(299,567,209),(299,568,210),(299,570,211),(299,571,212),(299,572,213),(299,573,214),(299,575,215),(299,576,216),(299,577,217),(299,578,218),(299,579,219),(299,580,220),(299,581,221),(299,583,222),(299,584,223),(299,585,224),(299,586,225),(299,588,226),(299,589,227),(299,590,228),(299,591,229),(299,592,230),(299,593,231),(299,594,232),(299,596,233),(299,597,234),(299,598,235),(299,599,236),(299,600,237),(299,601,238),(299,602,239),(299,604,240),(299,605,241),(299,606,242),(299,607,243),(299,608,244),(299,609,245),(299,610,246),(299,611,247),(299,612,248),(299,624,249),(299,630,250),(299,631,251),(299,632,252),(299,633,253),(299,635,254),(299,636,255),(299,637,256),(299,639,257),(299,640,258),(299,641,259),(299,643,260),(299,644,261),(299,645,262),(299,647,263),(299,648,264),(299,649,265),(299,650,266),(299,651,267),(299,652,268),(299,654,269),(299,655,270),(299,656,271),(299,658,272),(299,660,273),(299,661,274),(299,662,275),(299,663,276),(299,664,277),(299,665,278),(299,666,279),(299,1015,280),(299,532,281),(299,148,282),(299,582,283),(299,515,284),(299,558,285),(299,545,286),(299,546,287),(299,122,288),(299,117,289),(299,124,290),(299,125,291),(299,126,292),(299,127,293),(299,128,294),(299,130,295),(299,131,296),(299,132,297),(299,133,298),(299,134,299),(299,667,300),(299,135,301),(299,136,302),(299,140,303),(299,129,304),(299,603,305),(299,634,306),(299,646,307),(299,642,308),(299,7,309),(299,659,310),(299,653,311),(299,587,312),(299,629,313),(299,514,314),(299,201,315),(299,202,316),(299,203,317),(299,204,318),(299,205,319),(299,120,320),(299,114,321),(299,638,322),(299,657,323),(299,170,324),(299,166,325),(299,155,326),(299,157,327),(299,156,328),(299,154,329),(299,165,330),(299,164,331),(299,169,332),(299,153,333),(299,167,334),(299,149,335),(299,550,336),(299,152,337),(299,1063,338),(299,1056,339),(299,241,340),(299,244,341),(299,243,342),(299,230,343),(299,231,344),(299,232,345),(299,233,346),(299,234,347),(299,235,348),(299,236,349),(299,237,350),(299,238,351),(299,240,352),(299,242,353),(299,245,354),(299,246,355),(299,247,356),(299,248,357),(299,259,358),(299,260,359),(299,261,360),(299,262,361),(299,263,362),(299,264,363),(299,265,364),(299,266,365),(299,267,366),(299,268,367),(299,269,368),(299,270,369),(299,271,370),(299,272,371),(299,543,372),(299,544,373),(299,1146,374),(299,1150,375),(299,239,376),(299,574,377),(299,211,378),(299,121,379),(299,138,380),(299,113,381),(299,139,382),(299,569,383),(299,1162,384),(299,1160,385),(299,1161,386),(299,595,387),(298,4,0),(298,5,1),(298,6,2),(298,8,3),(298,9,4),(298,10,5),(298,11,6),(298,12,7),(298,13,8),(298,14,9),(298,15,10),(298,16,11),(298,17,12),(298,18,13),(298,19,14),(298,20,15),(298,21,16),(298,22,17),(298,23,18),(298,24,19),(298,25,20),(298,26,21),(298,27,22),(298,28,23),(298,29,24),(298,30,25),(298,31,26),(298,32,27),(298,33,28),(298,34,29),(298,35,30),(298,36,31),(298,37,32),(298,38,33),(298,39,34),(298,40,35),(298,41,36),(298,42,37),(298,43,38),(298,44,39),(298,45,40),(298,46,41),(298,47,42),(298,48,43),(298,49,44),(298,50,45),(298,51,46),(298,52,47),(298,53,48),(298,54,49),(298,55,50),(298,56,51),(298,57,52),(298,58,53),(298,59,54),(298,60,55),(298,61,56),(298,62,57),(298,63,58),(298,64,59),(298,65,60),(298,66,61),(298,67,62),(298,68,63),(298,69,64),(298,70,65),(298,71,66),(298,72,67),(298,73,68),(298,74,69),(298,75,70),(298,76,71),(298,77,72),(298,78,73),(298,79,74),(298,80,75),(298,81,76),(298,107,77),(298,109,78),(298,110,79),(298,111,80),(298,112,81),(298,115,82),(298,116,83),(298,118,84),(298,119,85),(298,141,86),(298,142,87),(298,143,88),(298,144,89),(298,145,90),(298,146,91),(298,147,92),(298,150,93),(298,151,94),(298,158,95),(298,159,96),(298,160,97),(298,161,98),(298,162,99),(298,163,100),(298,171,101),(298,172,102),(298,173,103),(298,174,104),(298,175,105),(298,176,106),(298,177,107),(298,178,108),(298,179,109),(298,180,110),(298,181,111),(298,182,112),(298,183,113),(298,184,114),(298,185,115),(298,186,116),(298,187,117),(298,188,118),(298,189,119),(298,190,120),(298,191,121),(298,192,122),(298,193,123),(298,194,124),(298,195,125),(298,196,126),(298,197,127),(298,198,128),(298,199,129),(298,200,130),(298,206,131),(298,207,132),(298,208,133),(298,209,134),(298,210,135),(298,212,136),(298,213,137),(298,214,138),(298,215,139),(298,216,140),(298,217,141),(298,218,142),(298,219,143),(298,220,144),(298,221,145),(298,222,146),(298,223,147),(298,224,148),(298,225,149),(298,226,150),(298,308,151),(298,309,152),(298,310,153),(298,311,154),(298,312,155),(298,313,156),(298,314,157),(298,315,158),(298,316,159),(298,317,160),(298,318,161),(298,319,162),(298,320,163),(298,321,164),(298,322,165),(298,323,166),(298,324,167),(298,325,168),(298,326,169),(298,327,170),(298,328,171),(298,329,172),(298,330,173),(298,331,174),(298,332,175),(298,342,176),(298,343,177),(298,344,178),(298,345,179),(298,346,180),(298,347,181),(298,348,182),(298,349,183),(298,350,184),(298,351,185),(298,352,186),(298,353,187),(298,358,188),(298,359,189),(298,360,190),(298,361,191),(298,362,192),(298,366,193),(298,367,194),(298,368,195),(298,370,196),(298,373,197),(298,374,198),(298,375,199),(298,376,200),(298,377,201),(298,378,202),(298,379,203),(298,380,204),(298,381,205),(298,382,206),(298,383,207),(298,384,208),(298,385,209),(298,386,210),(298,388,211),(298,414,212),(298,415,213),(298,416,214),(298,417,215),(298,418,216),(298,419,217),(298,420,218),(298,421,219),(298,422,220),(298,424,221),(298,425,222),(298,426,223),(298,427,224),(298,428,225),(298,429,226),(298,430,227),(298,431,228),(298,432,229),(298,434,230),(298,435,231),(298,436,232),(298,437,233),(298,438,234),(298,439,235),(298,440,236),(298,441,237),(298,442,238),(298,443,239),(298,444,240),(298,445,241),(298,446,242),(298,447,243),(298,448,244),(298,449,245),(298,450,246),(298,451,247),(298,452,248),(298,453,249),(298,454,250),(298,455,251),(298,456,252),(298,457,253),(298,458,254),(298,459,255),(298,460,256),(298,461,257),(298,462,258),(298,463,259),(298,464,260),(298,465,261),(298,467,262),(298,468,263),(298,469,264),(298,470,265),(298,498,266),(298,499,267),(298,500,268),(298,501,269),(298,502,270),(298,513,271),(298,517,272),(298,518,273),(298,519,274),(298,520,275),(298,521,276),(298,522,277),(298,523,278),(298,524,279),(298,525,280),(298,526,281),(298,527,282),(298,528,283),(298,529,284),(298,530,285),(298,531,286),(298,533,287),(298,534,288),(298,541,289),(298,542,290),(298,547,291),(298,548,292),(298,549,293),(298,551,294),(298,552,295),(298,553,296),(298,554,297),(298,555,298),(298,556,299),(298,557,300),(298,559,301),(298,560,302),(298,561,303),(298,562,304),(298,563,305),(298,565,306),(298,566,307),(298,567,308),(298,568,309),(298,570,310),(298,571,311),(298,572,312),(298,573,313),(298,575,314),(298,576,315),(298,577,316),(298,578,317),(298,579,318),(298,580,319),(298,581,320),(298,583,321),(298,584,322),(298,585,323),(298,586,324),(298,588,325),(298,589,326),(298,590,327),(298,591,328),(298,592,329),(298,593,330),(298,594,331),(298,596,332),(298,597,333),(298,598,334),(298,599,335),(298,600,336),(298,601,337),(298,602,338),(298,604,339),(298,605,340),(298,606,341),(298,607,342),(298,608,343),(298,609,344),(298,610,345),(298,611,346),(298,612,347),(298,624,348),(298,625,349),(298,626,350),(298,630,351),(298,631,352),(298,632,353),(298,633,354),(298,635,355),(298,636,356),(298,637,357),(298,639,358),(298,640,359),(298,641,360),(298,643,361),(298,644,362),(298,645,363),(298,647,364),(298,648,365),(298,649,366),(298,650,367),(298,651,368),(298,652,369),(298,654,370),(298,655,371),(298,656,372),(298,658,373),(298,660,374),(298,661,375),(298,662,376),(298,663,377),(298,664,378),(298,665,379),(298,666,380),(298,668,381),(298,669,382),(298,670,383),(298,671,384),(298,672,385),(298,673,386),(298,674,387),(298,675,388),(298,676,389),(298,677,390),(298,678,391),(298,679,392),(298,681,393),(298,682,394),(298,683,395),(298,685,396),(298,686,397),(298,687,398),(298,688,399),(298,689,400),(298,690,401),(298,692,402),(298,693,403),(298,694,404),(298,695,405),(298,709,406),(298,710,407),(298,712,408),(298,714,409),(298,715,410),(298,716,411),(298,717,412),(298,718,413),(298,720,414),(298,723,415),(298,724,416),(298,727,417),(298,728,418),(298,729,419),(298,731,420),(298,733,421),(298,734,422),(298,736,423),(298,737,424),(298,739,425),(298,740,426),(298,743,427),(298,763,428),(298,764,429),(298,768,430),(298,769,431),(298,771,432),(298,773,433),(298,774,434),(298,775,435),(298,776,436),(298,778,437),(298,779,438),(298,780,439),(298,786,440),(298,787,441),(298,788,442),(298,789,443),(298,790,444),(298,791,445),(298,792,446),(298,793,447),(298,794,448),(298,795,449),(298,796,450),(298,797,451),(298,798,452),(298,799,453),(298,800,454),(298,803,455),(298,805,456),(298,806,457),(298,807,458),(298,812,459),(298,838,460),(298,839,461),(298,840,462),(298,841,463),(298,842,464),(298,844,465),(298,846,466),(298,847,467),(298,848,468),(298,849,469),(298,850,470),(298,851,471),(298,852,472),(298,853,473),(298,854,474),(298,855,475),(298,856,476),(298,857,477),(298,858,478),(298,859,479),(298,860,480),(298,862,481),(298,863,482),(298,864,483),(298,865,484),(298,867,485),(298,868,486),(298,869,487),(298,870,488),(298,871,489),(298,872,490),(298,873,491),(298,874,492),(298,875,493),(298,877,494),(298,1003,495),(298,1004,496),(298,1005,497),(298,1015,498),(298,369,499),(298,532,500),(298,148,501),(298,582,502),(298,515,503),(298,558,504),(298,545,505),(298,546,506),(298,433,507),(298,811,508),(298,810,509),(298,813,510),(298,814,511),(298,815,512),(298,816,513),(298,818,514),(298,819,515),(298,821,516),(298,827,517),(298,829,518),(298,830,519),(298,831,520),(298,832,521),(298,833,522),(298,834,523),(298,835,524),(298,836,525),(298,809,526),(298,825,527),(298,122,528),(298,117,529),(298,735,530),(298,124,531),(298,125,532),(298,126,533),(298,127,534),(298,128,535),(298,130,536),(298,131,537),(298,132,538),(298,133,539),(298,134,540),(298,667,541),(298,135,542),(298,136,543),(298,140,544),(298,129,545),(298,777,546),(298,804,547),(298,808,548),(298,801,549),(298,802,550),(298,603,551),(298,824,552),(298,823,553),(298,634,554),(298,646,555),(298,642,556),(298,1010,557),(298,7,558),(298,659,559),(298,653,560),(298,587,561),(298,730,562),(298,742,563),(298,629,564),(298,413,565),(298,514,566),(298,201,567),(298,202,568),(298,203,569),(298,204,570),(298,205,571),(298,120,572),(298,1011,573),(298,972,574),(298,1007,575),(298,1009,576),(298,1008,577),(298,973,578),(298,974,579),(298,975,580),(298,976,581),(298,977,582),(298,979,583),(298,978,584),(298,984,585),(298,987,586),(298,989,587),(298,990,588),(298,991,589),(298,992,590),(298,993,591),(298,994,592),(298,998,593),(298,1000,594),(298,334,595),(298,336,596),(298,387,597),(298,390,598),(298,283,599),(298,784,600),(298,782,601),(298,783,602),(298,785,603),(298,781,604),(298,995,605),(298,996,606),(298,281,607),(298,282,608),(298,335,609),(298,391,610),(298,279,611),(298,280,612),(298,333,613),(298,393,614),(298,412,615),(298,466,616),(298,277,617),(298,392,618),(298,278,619),(298,410,620),(298,284,621),(298,411,622),(298,389,623),(298,363,624),(298,340,625),(298,337,626),(298,341,627),(298,365,628),(298,114,629),(298,1019,630),(298,982,631),(298,985,632),(298,988,633),(298,1012,634),(298,983,635),(298,986,636),(298,1002,637),(298,876,638),(298,866,639),(298,861,640),(298,638,641),(298,766,642),(298,657,643),(298,170,644),(298,166,645),(298,1025,646),(298,1026,647),(298,1030,648),(298,970,649),(298,997,650),(298,999,651),(298,971,652),(298,155,653),(298,1028,654),(298,157,655),(298,156,656),(298,154,657),(298,165,658),(298,164,659),(298,169,660),(298,153,661),(298,167,662),(298,1031,663),(298,149,664),(298,1043,665),(298,550,666),(298,698,667),(298,700,668),(298,696,669),(298,703,670),(298,701,671),(298,702,672),(298,704,673),(298,705,674),(298,706,675),(298,707,676),(298,697,677),(298,713,678),(298,721,679),(298,722,680),(298,711,681),(298,719,682),(298,1029,683),(298,1038,684),(298,1040,685),(298,708,686),(298,1054,687),(298,1060,688),(298,1052,689),(298,1055,690),(298,152,691),(298,1044,692),(298,1056,693),(298,1047,694),(298,1062,695),(298,820,696),(298,371,697),(298,372,698),(298,1057,699),(298,770,700),(298,1001,701),(298,543,702),(298,544,703),(298,227,704),(298,684,705),(298,1103,706),(298,1102,707),(298,745,708),(298,759,709),(298,760,710),(298,761,711),(298,762,712),(298,980,713),(298,981,714),(298,744,715),(298,767,716),(298,822,717),(298,1061,718),(298,752,719),(298,753,720),(298,756,721),(298,754,722),(298,755,723),(298,757,724),(298,758,725),(298,339,726),(298,1098,727),(298,1099,728),(298,1131,729),(298,1132,730),(298,1133,731),(298,1134,732),(298,1135,733),(298,1136,734),(298,879,735),(298,1100,736),(298,1101,737),(298,826,738),(298,817,739),(298,1148,740),(298,1149,741),(298,1146,742),(298,1150,743),(298,1147,744),(298,1091,745),(298,1120,746),(298,1081,747),(298,1080,748),(298,1082,749),(298,1093,750),(298,1083,751),(298,1118,752),(298,1088,753),(298,1125,754),(298,1119,755),(298,1121,756),(298,1085,757),(298,1122,758),(298,1086,759),(298,1078,760),(298,1117,761),(298,1116,762),(298,1077,763),(298,772,764),(298,1114,765),(298,1095,766),(298,1094,767),(298,1079,768),(298,1127,769),(298,1128,770),(298,1115,771),(298,1126,772),(298,1138,773),(298,1139,774),(298,1153,775),(298,1152,776),(298,1143,777),(298,1144,778),(298,1145,779),(298,1123,780),(298,1124,781),(298,1090,782),(298,1142,783),(298,364,784),(298,691,785),(298,680,786),(298,305,787),(298,306,788),(298,307,789),(298,828,790),(298,765,791),(298,574,792),(298,211,793),(298,108,794),(298,228,795),(298,121,796),(327,354,0),(327,355,1),(327,356,2),(327,882,3),(327,884,4),(327,885,5),(327,881,6),(327,886,7),(327,883,8),(327,880,9),(327,725,10),(327,726,11),(295,8,3),(295,9,4),(295,10,5),(295,11,6),(295,12,7),(295,13,8),(295,14,9),(295,15,10),(295,16,11),(295,17,12),(295,18,13),(295,19,14),(295,20,15),(295,21,16),(295,22,17),(295,23,18),(295,24,19),(295,25,20),(295,26,21),(295,27,22),(295,28,23),(295,29,24),(295,30,25),(295,31,26),(295,32,27),(295,33,28),(295,34,29),(295,35,30),(295,36,31),(295,37,32),(295,38,33),(295,39,34),(295,40,35),(295,41,36),(295,42,37),(295,43,38),(295,44,39),(295,45,40),(295,46,41),(295,47,42),(295,48,43),(295,49,44),(295,50,45),(295,51,46),(295,52,47),(295,53,48),(295,54,49),(295,55,50),(295,56,51),(295,57,52),(295,58,53),(295,59,54),(295,60,55),(295,61,56),(295,62,57),(295,63,58),(295,64,59),(295,65,60),(295,66,61),(295,67,62),(295,68,63),(295,69,64),(295,70,65),(295,71,66),(295,72,67),(295,73,68),(295,74,69),(295,75,70),(295,76,71),(295,77,72),(295,78,73),(295,79,74),(295,80,75),(295,81,76),(295,107,77),(295,109,78),(295,110,79),(295,111,80),(295,112,81),(295,115,82),(295,116,83),(295,118,84),(295,119,85),(295,141,86),(295,142,87),(295,143,88),(295,144,89),(295,145,90),(295,146,91),(295,147,92),(295,150,93),(295,151,94),(295,158,95),(295,159,96),(295,160,97),(295,161,98),(295,162,99),(295,163,100),(295,171,101),(295,172,102),(295,173,103),(295,174,104),(295,175,105),(295,176,106),(295,177,107),(295,178,108),(295,179,109),(295,180,110),(295,181,111),(295,182,112),(295,183,113),(295,184,114),(295,185,115),(295,186,116),(295,187,117),(295,188,118),(295,189,119),(295,190,120),(295,191,121),(295,192,122),(295,193,123),(295,194,124),(295,195,125),(295,196,126),(295,197,127),(295,198,128),(295,199,129),(295,200,130),(295,206,131),(295,207,132),(295,208,133),(295,209,134),(295,210,135),(295,212,136),(295,213,137),(295,214,138),(295,215,139),(295,216,140),(295,217,141),(295,218,142),(295,219,143),(295,220,144),(295,221,145),(295,222,146),(295,223,147),(295,224,148),(295,225,149),(295,226,150),(295,308,151),(295,309,152),(295,310,153),(295,311,154),(295,312,155),(295,313,156),(295,314,157),(295,315,158),(295,316,159),(295,317,160),(295,318,161),(295,319,162),(295,320,163),(295,321,164),(295,322,165),(295,323,166),(295,324,167),(295,325,168),(295,326,169),(295,327,170),(295,328,171),(295,329,172),(295,330,173),(295,331,174),(295,332,175),(295,342,176),(295,343,177),(295,344,178),(295,345,179),(295,346,180),(295,347,181),(295,348,182),(295,349,183),(295,350,184),(295,351,185),(295,352,186),(295,353,187),(295,358,188),(295,359,189),(295,360,190),(295,361,191),(295,362,192),(295,394,193),(295,395,194),(295,396,195),(295,397,196),(295,398,197),(295,399,198),(295,400,199),(295,401,200),(295,402,201),(295,403,202),(295,404,203),(295,405,204),(295,406,205),(295,407,206),(295,408,207),(295,409,208),(295,414,209),(295,415,210),(295,416,211),(295,417,212),(295,418,213),(295,419,214),(295,420,215),(295,421,216),(295,422,217),(295,424,218),(295,425,219),(295,426,220),(295,427,221),(295,428,222),(295,429,223),(295,430,224),(295,431,225),(295,432,226),(295,434,227),(295,435,228),(295,436,229),(295,437,230),(295,438,231),(295,439,232),(295,440,233),(295,441,234),(295,442,235),(295,443,236),(295,444,237),(295,445,238),(295,446,239),(295,447,240),(295,448,241),(295,449,242),(295,450,243),(295,451,244),(295,452,245),(295,453,246),(295,454,247),(295,455,248),(295,456,249),(295,457,250),(295,458,251),(295,459,252),(295,460,253),(295,461,254),(295,462,255),(295,463,256),(295,464,257),(295,465,258),(295,467,259),(295,468,260),(295,469,261),(295,470,262),(295,471,263),(295,473,264),(295,474,265),(295,475,266),(295,476,267),(295,477,268),(295,478,269),(295,479,270),(295,480,271),(295,482,272),(295,484,273),(295,486,274),(295,487,275),(295,488,276),(295,490,277),(295,491,278),(295,492,279),(295,493,280),(295,494,281),(295,495,282),(295,496,283),(295,497,284),(295,498,285),(295,499,286),(295,500,287),(295,501,288),(295,502,289),(295,503,290),(295,504,291),(295,505,292),(295,506,293),(295,507,294),(295,509,295),(295,510,296),(295,511,297),(295,512,298),(295,513,299),(295,517,300),(295,518,301),(295,519,302),(295,520,303),(295,521,304),(295,522,305),(295,523,306),(295,524,307),(295,525,308),(295,526,309),(295,527,310),(295,528,311),(295,529,312),(295,530,313),(295,531,314),(295,533,315),(295,534,316),(295,535,317),(295,536,318),(295,537,319),(295,538,320),(295,539,321),(295,540,322),(295,541,323),(295,542,324),(295,547,325),(295,548,326),(295,549,327),(295,551,328),(295,552,329),(295,553,330),(295,554,331),(295,555,332),(295,556,333),(295,557,334),(295,559,335),(295,560,336),(295,561,337),(295,562,338),(295,563,339),(295,565,340),(295,566,341),(295,567,342),(295,568,343),(295,570,344),(295,571,345),(295,572,346),(295,573,347),(295,575,348),(295,576,349),(295,577,350),(295,578,351),(295,579,352),(295,580,353),(295,581,354),(295,583,355),(295,584,356),(295,585,357),(295,586,358),(295,588,359),(295,589,360),(295,590,361),(295,591,362),(295,592,363),(295,593,364),(295,594,365),(295,596,366),(295,597,367),(295,598,368),(295,599,369),(295,600,370),(295,601,371),(295,602,372),(295,604,373),(295,605,374),(295,606,375),(295,607,376),(295,608,377),(295,609,378),(295,610,379),(295,611,380),(295,612,381),(295,624,382),(295,630,383),(295,631,384),(295,632,385),(295,633,386),(295,635,387),(295,636,388),(295,637,389),(295,639,390),(295,640,391),(295,641,392),(295,643,393),(295,644,394),(295,645,395),(295,647,396),(295,648,397),(295,649,398),(295,650,399),(295,651,400),(295,652,401),(295,654,402),(295,655,403),(295,656,404),(295,658,405),(295,660,406),(295,661,407),(295,662,408),(295,663,409),(295,664,410),(295,665,411),(295,666,412),(295,914,413),(295,915,414),(295,916,415),(295,917,416),(295,918,417),(295,920,418),(295,921,419),(295,923,420),(295,924,421),(295,925,422),(295,926,423),(295,927,424),(295,928,425),(295,929,426),(295,930,427),(295,931,428),(295,932,429),(295,933,430),(295,936,431),(295,938,432),(295,939,433),(295,940,434),(295,941,435),(295,942,436),(295,943,437),(295,944,438),(295,945,439),(295,946,440),(295,947,441),(295,948,442),(295,949,443),(295,952,444),(295,954,445),(295,956,446),(295,957,447),(295,959,448),(295,960,449),(295,961,450),(295,963,451),(295,965,452),(295,1015,453),(295,532,454),(295,148,455),(295,582,456),(295,515,457),(295,558,458),(295,545,459),(295,546,460),(295,433,461),(295,122,462),(295,117,463),(295,124,464),(295,125,465),(295,126,466),(295,127,467),(295,128,468),(295,130,469),(295,131,470),(295,132,471),(295,133,472),(295,134,473),(295,667,474),(295,135,475),(295,136,476),(295,140,477),(295,129,478),(295,603,479),(295,634,480),(295,646,481),(295,642,482),(295,7,483),(295,659,484),(295,653,485),(295,587,486),(295,629,487),(295,413,488),(295,514,489),(295,201,490),(295,202,491),(295,203,492),(295,204,493),(295,205,494),(295,120,495),(295,334,496),(295,336,497),(295,387,498),(295,390,499),(295,283,500),(295,363,501),(295,340,502),(295,337,503),(295,341,504),(295,365,505),(295,114,506),(295,889,507),(295,893,508),(295,894,509),(295,895,510),(295,898,511),(295,899,512),(295,900,513),(295,901,514),(295,905,515),(295,906,516),(295,910,517),(295,911,518),(295,912,519),(295,913,520),(295,638,521),(295,657,522),(295,170,523),(295,892,524),(295,896,525),(295,897,526),(295,902,527),(295,903,528),(295,904,529),(295,907,530),(295,166,531),(295,908,532),(295,909,533),(295,922,534),(295,966,535),(295,967,536),(295,968,537),(295,969,538),(295,891,539),(295,964,540),(295,935,541),(295,934,542),(295,937,543),(295,953,544),(295,955,545),(295,951,546),(295,962,547),(295,919,548),(295,958,549),(295,155,550),(295,157,551),(295,156,552),(295,154,553),(295,165,554),(295,164,555),(295,169,556),(295,153,557),(295,167,558),(295,950,559),(295,890,560),(295,149,561),(295,550,562),(295,1052,563),(295,152,564),(295,1063,565),(295,1056,566),(295,483,567),(295,472,568),(295,485,569),(295,371,570),(295,372,571),(295,543,572),(295,544,573),(295,481,574),(295,489,575),(295,339,576),(295,1098,577),(295,1099,578),(295,1131,579),(295,1132,580),(295,1133,581),(295,1134,582),(295,1135,583),(295,1136,584),(295,1148,585),(295,1149,586),(295,1146,587),(295,1150,588),(295,364,589),(295,305,590),(295,306,591),(295,307,592),(295,574,593),(295,211,594),(295,121,595),(295,138,596),(295,113,597),(295,139,598),(295,569,599),(295,1162,600),(295,1160,601),(295,1161,602),(295,595,603),(295,1166,604),(295,1167,605),(295,564,606),(295,423,607),(295,1169,608),(295,1024,609),(295,168,610),(295,292,611),(295,294,612),(295,293,613),(295,287,614),(295,285,615),(295,286,616),(295,289,617),(295,288,618),(295,1187,619),(295,295,620),(295,296,621),(295,297,622),(295,298,623),(295,299,624),(295,300,625),(326,355,0),(326,882,1),(326,884,2),(326,885,3),(326,881,4),(225,634,0),(225,663,1),(225,644,2),(225,630,3),(225,645,4),(225,666,5),(225,632,6),(225,649,7),(225,635,8),(225,648,9),(225,660,10),(225,642,11),(225,657,12),(225,664,13),(225,647,14),(225,654,15),(225,643,16),(225,636,17),(225,646,18),(225,652,19),(225,640,20),(225,667,21),(225,638,22),(225,651,23),(225,637,24),(225,653,25),(225,661,26),(225,641,27),(225,656,28),(225,629,29),(225,650,30),(225,658,31),(225,639,32),(225,665,33),(225,631,34),(225,659,35),(225,662,36),(225,655,37),(225,633,38),(226,668,0),(226,670,1),(226,675,2),(226,674,3),(226,672,4),(226,676,5),(226,673,6),(226,669,7),(226,671,8),(221,274,0),(221,273,1),(221,879,2),(221,276,3),(221,275,4),(228,862,0),(228,868,1),(228,858,2),(228,854,3),(228,860,4),(228,872,5),(228,871,6),(228,857,7),(228,870,8),(228,853,9),(228,863,10),(228,856,11),(228,864,12),(228,852,13),(228,873,14),(228,866,15),(228,855,16),(228,875,17),(228,876,18),(228,877,19),(228,878,20),(228,859,21),(228,861,22),(228,851,23),(228,867,24),(228,869,25),(228,865,26),(228,874,27),(220,297,0),(220,263,1),(220,328,2),(220,240,3),(220,298,4),(220,288,5),(220,262,6),(220,345,7),(220,400,8),(220,451,9),(220,454,10),(220,332,11),(220,295,12),(220,310,13),(220,243,14),(220,306,15),(220,418,16),(220,315,17),(220,420,18),(220,363,19),(220,289,20),(220,432,21),(220,299,22),(220,324,23),(220,254,24),(220,452,25),(220,415,26),(220,394,27),(220,329,28),(220,250,29),(220,320,30),(220,433,31),(220,300,32),(220,453,33),(220,347,34),(220,449,35),(220,467,36),(220,270,37),(220,403,38),(220,465,39),(220,236,40),(220,342,41),(220,318,42),(220,409,43),(220,401,44),(220,258,45),(220,468,46),(220,464,47),(220,241,48),(220,305,49),(220,248,50),(220,395,51),(220,359,52),(220,443,53),(220,316,54),(220,431,55),(220,402,56),(220,257,57),(220,343,58),(220,448,59),(220,426,60),(220,358,61),(220,267,62),(220,321,63),(220,322,64),(220,404,65),(220,408,66),(220,405,67),(220,348,68),(220,256,69),(220,286,70),(220,430,71),(220,293,72),(220,304,73),(220,230,74),(220,459,75),(220,323,76),(220,435,77),(220,436,78),(220,422,79),(220,287,80),(220,266,81),(220,396,82),(220,350,83),(220,326,84),(220,450,85),(220,361,86),(220,427,87),(220,349,88),(220,441,89),(220,330,90),(220,319,91),(220,434,92),(220,235,93),(220,437,94),(220,397,95),(220,457,96),(220,311,97),(220,362,98),(220,352,99),(220,325,100),(220,244,101),(220,255,102),(220,239,103),(220,301,104),(220,429,105),(220,231,106),(220,440,107),(220,272,108),(220,237,109),(220,469,110),(220,406,111),(220,416,112),(220,309,113),(220,238,114),(220,462,115),(220,249,116),(220,425,117),(220,407,118),(220,398,119),(220,245,120),(220,444,121),(220,314,122),(220,265,123),(220,327,124),(220,294,125),(220,351,126),(220,269,127),(220,439,128),(220,344,129),(220,421,130),(220,260,131),(220,302,132),(220,317,133),(220,247,134),(220,460,135),(220,445,136),(220,253,137),(220,353,138),(220,268,139),(220,232,140),(220,331,141),(220,428,142),(220,251,143),(220,414,144),(220,246,145),(220,438,146),(220,463,147),(220,261,148),(220,271,149),(220,259,150),(220,234,151),(220,312,152),(220,242,153),(220,252,154),(220,456,155),(220,303,156),(220,419,157),(220,292,158),(220,458,159),(220,360,160),(220,399,161),(220,313,162),(220,461,163),(220,424,164),(220,285,165),(220,307,166),(220,447,167),(220,296,168),(220,423,169),(220,417,170),(220,346,171),(220,264,172),(220,233,173),(220,455,174),(220,308,175),(220,446,176),(220,442,177),(220,338,178),(220,337,179),(220,339,180),(220,340,181),(220,341,182),(220,365,183),(220,364,184),(220,336,185),(220,390,186),(220,366,187),(220,367,188),(220,368,189),(220,369,190),(220,370,191),(220,373,192),(220,374,193),(220,375,194),(220,376,195),(220,377,196),(220,378,197),(220,379,198),(220,380,199),(220,381,200),(220,382,201),(220,383,202),(220,384,203),(220,385,204),(220,386,205),(220,388,206),(220,391,207),(220,281,208),(220,282,209),(220,335,210),(220,279,211),(220,283,212),(220,280,213),(220,333,214),(220,372,215),(220,393,216),(220,412,217),(220,466,218),(220,277,219),(220,392,220),(220,371,221),(220,410,222),(220,389,223),(220,284,224),(220,411,225),(220,334,226),(220,387,227),(220,278,228),(220,413,229),(220,357,230),(220,1025,231),(220,1026,232),(220,1028,233),(342,880,0),(342,884,1),(342,883,2),(342,882,3),(342,885,4),(342,354,5),(342,355,6),(342,356,7),(342,881,8),(342,886,9),(244,947,0),(244,946,1),(244,897,2),(244,949,3),(244,909,4),(244,902,5),(244,963,6),(244,910,7),(244,938,8),(244,906,9),(244,941,10),(244,969,11),(244,945,12),(244,943,13),(244,912,14),(244,913,15),(244,894,16),(244,915,17),(244,914,18),(244,892,19),(244,899,20),(244,966,21),(244,968,22),(244,948,23),(244,901,24),(244,965,25),(244,889,26),(244,893,27),(244,916,28),(244,917,29),(244,900,30),(244,895,31),(244,939,32),(244,942,33),(244,940,34),(244,967,35),(244,905,36),(244,904,37),(244,908,38),(244,898,39),(244,944,40),(244,896,41),(244,907,42),(244,890,43),(244,891,44),(244,903,45),(244,911,46),(244,933,47),(244,964,48),(244,922,49),(244,936,50),(244,925,51),(244,937,52),(244,926,53),(244,923,54),(244,927,55),(244,929,56),(244,928,57),(244,924,58),(244,921,59),(244,931,60),(244,932,61),(244,930,62),(244,920,63),(244,918,64),(244,934,65),(244,935,66),(244,961,67),(244,957,68),(244,952,69),(244,956,70),(244,953,71),(244,954,72),(244,955,73),(244,951,74),(244,950,75),(244,960,76),(244,959,77),(244,958,78),(244,919,79),(244,962,80),(275,1004,0),(275,1003,1),(275,1002,2),(275,1005,3),(275,1011,4),(275,1010,5),(275,1012,6),(275,971,7),(275,970,8),(275,972,9),(275,973,10),(275,979,11),(275,977,12),(275,1001,13),(275,981,14),(275,983,15),(275,982,16),(275,991,17),(275,992,18),(275,978,19),(275,1000,20),(275,997,21),(275,989,22),(275,990,23),(275,988,24),(275,985,25),(275,996,26),(275,995,27),(275,987,28),(275,974,29),(275,975,30),(275,976,31),(275,980,32),(275,984,33),(275,986,34),(275,999,35),(275,998,36),(275,993,37),(275,994,38),(275,1007,39),(275,1009,40),(275,1008,41),(331,1171,0),(331,1190,1),(331,1191,2),(331,1192,3),(331,1193,4),(331,1194,5),(331,1195,6),(331,1196,7),(331,1197,8),(331,1198,9),(331,1199,10),(331,1200,11),(331,1201,12),(331,1202,13),(238,671,606),(298,138,797),(220,1029,234),(263,1030,187),(238,676,607),(298,113,798),(227,1037,162),(275,1019,42),(236,614,526),(238,673,608),(296,1160,426),(298,139,799),(275,1054,43),(236,615,527),(296,1161,427),(238,672,609),(298,569,800),(227,1038,163),(236,619,528),(238,35,610),(236,621,529),(238,30,611),(298,1162,801),(237,4,515),(227,1040,164),(236,622,530),(299,564,388),(296,595,428),(237,26,516),(237,20,517),(237,14,518),(237,33,519),(238,67,612),(237,55,520),(298,1160,802),(223,1024,110),(299,1024,389),(296,564,429),(297,139,93),(298,1161,803),(236,807,531),(238,80,613),(220,1030,235),(298,1163,804),(263,1031,188),(238,19,614),(220,1031,236),(298,837,805),(263,1043,189),(238,57,615),(298,595,806),(299,168,390),(236,617,532),(238,6,616),(220,1043,237),(298,1166,807),(263,1052,190),(238,66,617),(220,1052,238),(298,1167,808),(263,1060,191),(238,12,618),(220,1060,239),(298,564,809),(263,260,192),(238,5,619),(296,1024,430),(238,81,620),(298,423,810),(227,1044,165),(236,616,533),(238,70,621),(298,1169,811),(236,620,534),(238,17,622),(297,1162,94),(299,227,391),(321,1057,122),(236,682,535),(238,77,623),(236,794,536),(238,36,624),(236,840,537),(238,18,625),(236,790,538),(238,32,626),(236,679,539),(238,53,627),(298,1024,812),(227,1047,166),(236,693,540),(238,22,628),(298,168,813),(227,1061,167),(236,789,541),(238,16,629),(298,292,814),(236,795,542),(238,42,630),(236,839,543),(238,23,631),(227,1062,168),(236,845,544),(236,683,545),(238,24,632),(298,294,815),(236,716,546),(238,39,633),(236,709,547),(238,37,634),(236,677,548),(238,71,635),(236,787,549),(238,62,636),(236,727,550),(238,59,637),(236,850,551),(238,9,638),(236,797,552),(238,78,639),(298,293,816),(220,1098,240),(298,287,817),(263,266,193),(238,56,640),(236,788,553),(238,41,641),(298,285,818),(236,686,554),(238,8,642),(298,286,819),(238,69,643),(220,1099,241),(263,244,194),(275,1055,44),(237,21,521),(299,516,392),(222,1063,14),(237,76,522),(237,31,523),(360,1015,0),(238,74,644),(237,28,524),(360,612,1),(238,4,645),(237,75,525),(360,498,2),(238,26,646),(237,51,526),(360,628,3),(238,20,647),(360,1013,4),(237,60,527),(360,1063,5),(360,625,6),(238,14,648),(360,470,7),(238,33,649),(237,68,528),(360,624,8),(238,55,650),(237,72,529),(360,500,9),(238,21,651),(237,52,530),(360,627,10),(237,29,531),(360,611,11),(238,76,652),(237,54,532),(360,1014,12),(238,31,653),(360,626,13),(238,28,654),(360,499,14),(238,75,655),(237,11,533),(236,844,555),(238,51,656),(236,740,556),(238,60,657),(236,793,557),(238,68,658),(236,694,558),(238,72,659),(236,847,559),(238,52,660),(236,688,560),(238,29,661),(236,838,561),(238,54,662),(236,718,562),(238,11,663),(236,841,563),(238,50,664),(236,743,564),(238,10,665),(236,843,565),(238,15,666),(236,695,566),(238,25,667),(236,720,567),(238,38,668),(236,739,568),(238,632,669),(236,712,569),(238,633,670),(236,684,570),(238,639,671),(236,690,571),(238,196,672),(236,692,572),(238,197,673),(236,710,573),(238,143,674),(236,681,574),(238,219,675),(236,792,575),(238,186,676),(236,842,576),(238,141,677),(236,678,577),(238,176,678),(236,798,578),(238,213,679),(236,786,579),(238,142,680),(236,714,580),(238,150,681),(236,715,581),(238,224,682),(236,849,582),(238,223,683),(236,687,583),(238,182,684),(236,796,584),(238,187,685),(236,723,585),(238,174,686),(236,837,586),(238,118,687),(236,717,587),(238,221,688),(236,691,588),(238,180,689),(236,848,589),(238,147,690),(236,791,590),(238,208,691),(236,685,591),(238,185,692),(236,846,592),(238,175,693),(236,724,593),(238,145,694),(236,668,594),(238,115,695),(236,674,595),(238,195,696),(236,675,596),(238,109,697),(236,669,597),(238,220,698),(236,670,598),(238,107,699),(236,671,599),(238,160,700),(236,676,600),(238,151,701),(236,673,601),(238,210,702),(236,672,602),(238,225,703),(236,483,603),(238,189,704),(236,472,604),(238,144,705),(236,485,605),(238,198,706),(236,35,606),(238,194,707),(236,30,607),(238,184,708),(236,67,608),(238,177,709),(236,80,609),(238,190,710),(236,19,610),(238,159,711),(236,57,611),(238,226,712),(236,6,612),(238,116,713),(236,66,613),(238,173,714),(236,12,614),(238,188,715),(236,5,615),(238,209,716),(236,81,616),(238,199,717),(236,70,617),(238,178,718),(236,17,618),(238,200,719),(236,77,619),(238,193,720),(236,36,620),(238,163,721),(236,18,621),(238,158,722),(236,32,622),(238,110,723),(236,53,623),(238,112,724),(236,22,624),(238,172,725),(236,16,625),(238,162,726),(236,42,626),(238,181,727),(236,23,627),(238,161,728),(236,24,628),(238,191,729),(236,39,629),(238,222,730),(236,37,630),(238,192,731),(236,71,631),(238,183,732),(236,62,632),(238,171,733),(236,59,633),(238,257,734),(236,9,634),(238,253,735),(236,78,635),(238,379,736),(236,56,636),(237,50,534),(236,41,637),(237,10,535),(236,8,638),(237,15,536),(236,69,639),(238,256,737),(237,25,537),(236,74,640),(238,380,738),(237,38,538),(236,4,641),(238,370,739),(237,632,539),(236,26,642),(238,378,740),(237,633,540),(236,20,643),(238,249,741),(237,639,541),(236,14,644),(238,252,742),(237,196,542),(236,33,645),(238,251,743),(237,197,543),(236,55,646),(238,250,744),(237,143,544),(236,21,647),(238,254,745),(237,219,545),(236,76,648),(238,376,746),(237,186,546),(236,31,649),(238,385,747),(237,141,547),(236,28,650),(238,381,748),(237,176,548),(236,75,651),(238,383,749),(237,213,549),(236,51,652),(238,255,750),(237,142,550),(236,60,653),(238,384,751),(237,150,551),(236,68,654),(238,258,752),(237,224,552),(236,72,655),(238,371,753),(237,223,553),(236,52,656),(238,372,754),(237,182,554),(236,29,657),(238,1057,755),(237,187,555),(236,54,658),(238,770,756),(237,174,556),(236,11,659),(238,1001,757),(237,118,557),(236,50,660),(238,543,758),(237,221,558),(236,10,661),(238,544,759),(237,180,559),(236,15,662),(238,227,760),(237,147,560),(236,25,663),(238,684,761),(237,208,561),(236,38,664),(238,1103,762),(237,185,562),(236,632,665),(238,1102,763),(237,175,563),(236,633,666),(238,745,764),(237,145,564),(236,639,667),(238,759,765),(237,115,565),(236,196,668),(238,760,766),(237,195,566),(236,197,669),(238,761,767),(237,109,567),(236,143,670),(238,762,768),(237,220,568),(236,219,671),(238,980,769),(237,107,569),(236,186,672),(238,981,770),(237,160,570),(236,141,673),(238,744,771),(237,151,571),(236,176,674),(238,767,772),(237,210,572),(236,213,675),(238,822,773),(237,225,573),(236,142,676),(238,1061,774),(237,189,574),(236,150,677),(238,752,775),(237,144,575),(236,224,678),(238,753,776),(237,198,576),(236,223,679),(238,756,777),(237,194,577),(236,182,680),(238,754,778),(237,184,578),(236,187,681),(238,755,779),(237,177,579),(236,174,682),(238,757,780),(237,190,580),(236,118,683),(238,758,781),(237,159,581),(236,221,684),(238,339,782),(237,226,582),(236,180,685),(238,1098,783),(237,116,583),(236,147,686),(238,1099,784),(237,173,584),(236,208,687),(238,1131,785),(237,188,585),(236,185,688),(238,1132,786),(237,209,586),(236,175,689),(238,1133,787),(237,199,587),(236,145,690),(238,1134,788),(237,178,588),(236,115,691),(238,1135,789),(237,200,589),(236,195,692),(238,1136,790),(237,193,590),(236,109,693),(238,879,791),(237,163,591),(236,220,694),(238,1100,792),(237,158,592),(236,107,695),(238,1101,793),(237,110,593),(236,160,696),(238,826,794),(237,112,594),(236,151,697),(238,817,795),(237,172,595),(236,210,698),(238,1148,796),(237,162,596),(236,225,699),(238,1149,797),(237,181,597),(236,189,700),(238,1146,798),(237,161,598),(236,144,701),(238,1150,799),(237,191,599),(236,198,702),(238,1147,800),(237,222,600),(236,194,703),(238,1091,801),(237,192,601),(236,184,704),(238,1120,802),(237,183,602),(236,177,705),(238,1081,803),(237,171,603),(236,190,706),(238,1080,804),(237,371,604),(236,159,707),(238,1082,805),(237,372,605),(236,226,708),(238,1093,806),(237,241,606),(236,116,709),(238,1083,807),(237,244,607),(236,173,710),(238,1118,808),(237,243,608),(236,188,711),(238,1088,809),(237,230,609),(236,209,712),(238,1125,810),(237,231,610),(236,199,713),(238,1119,811),(237,232,611),(236,178,714),(238,1121,812),(237,233,612),(236,200,715),(238,1085,813),(237,234,613),(236,193,716),(238,1122,814),(237,235,614),(236,163,717),(238,1086,815),(237,236,615),(236,158,718),(238,1078,816),(237,237,616),(236,110,719),(238,1117,817),(237,238,617),(236,112,720),(238,1116,818),(237,240,618),(236,227,721),(238,1077,819),(237,242,619),(236,172,722),(238,772,820),(237,245,620),(236,162,723),(238,1114,821),(237,246,621),(236,181,724),(238,1095,822),(237,247,622),(236,161,725),(238,1094,823),(237,248,623),(236,191,726),(238,1079,824),(237,259,624),(236,222,727),(238,1127,825),(237,260,625),(236,192,728),(238,1128,826),(237,261,626),(236,183,729),(238,1115,827),(237,262,627),(236,171,730),(238,1126,828),(237,263,628),(236,1076,731),(238,1138,829),(237,264,629),(236,1077,732),(238,1139,830),(237,265,630),(236,1078,733),(238,1153,831),(237,266,631),(236,1079,734),(238,1152,832),(237,267,632),(236,1080,735),(238,1143,833),(237,268,633),(236,1081,736),(238,1144,834),(237,269,634),(236,1082,737),(238,1145,835),(237,270,635),(236,1083,738),(238,1123,836),(237,271,636),(236,1084,739),(238,1124,837),(237,272,637),(236,1085,740),(238,1090,838),(237,543,638),(236,1086,741),(238,1142,839),(237,544,639),(236,1088,742),(238,364,840),(237,481,640),(236,1090,743),(238,691,841),(237,489,641),(236,1091,744),(238,680,842),(237,339,642),(236,1093,745),(238,305,843),(237,1098,643),(236,1094,746),(238,306,844),(237,1099,644),(236,1095,747),(238,307,845),(237,1131,645),(236,1114,748),(238,828,846),(237,1132,646),(236,1115,749),(238,765,847),(237,1133,647),(236,1116,750),(238,574,848),(237,1134,648),(236,1117,751),(238,211,849),(237,1135,649),(236,1118,752),(238,108,850),(237,1136,650),(236,1119,753),(238,228,851),(237,1148,651),(236,1120,754),(238,121,852),(237,1149,652),(236,1121,755),(238,138,853),(237,1146,653),(236,1122,756),(238,113,854),(237,1150,654),(236,1123,757),(238,139,855),(237,239,655),(236,1124,758),(238,569,856),(237,364,656),(236,1125,759),(238,1162,857),(237,305,657),(236,1126,760),(238,1160,858),(237,306,658),(236,1127,761),(238,1161,859),(237,307,659),(236,1128,762),(238,1163,860),(237,574,660),(236,1138,763),(238,837,861),(237,211,661),(263,269,195),(237,121,662),(263,272,196),(237,138,663),(263,263,197),(237,113,664),(263,257,198),(237,139,665),(263,253,199),(237,569,666),(263,379,200),(237,1162,667),(263,241,201),(238,595,862),(263,245,202),(238,1166,863),(263,256,203),(238,1167,864),(263,232,204),(237,1160,668),(263,380,205),(237,1161,669),(263,237,206),(238,564,865),(263,370,207),(237,595,670),(263,268,208),(238,423,866),(263,264,209),(237,1166,671),(263,235,210),(238,1169,867),(263,247,211),(237,1167,672),(263,270,212),(237,564,673),(263,246,213),(237,423,674),(263,261,214),(237,1169,675),(263,243,215),(237,1024,676),(263,378,216),(237,168,677),(263,239,217),(237,292,678),(263,249,218),(237,294,679),(263,271,219),(238,1024,868),(263,233,220),(237,293,680),(263,252,221),(238,168,869),(263,230,222),(237,287,681),(263,251,223),(237,285,682),(263,248,224),(238,292,870),(263,250,225),(237,286,683),(263,254,226),(238,294,871),(263,259,227),(237,289,684),(263,376,228),(238,293,872),(263,385,229),(238,287,873),(263,381,230),(237,288,685),(263,383,231),(238,285,874),(263,236,232),(238,286,875),(263,255,233),(238,289,876),(263,262,234),(238,288,877),(263,231,235),(237,1187,686),(263,242,236),(238,1187,878),(263,265,237),(237,295,687),(263,384,238),(237,296,688),(263,234,239),(237,297,689),(263,267,240),(237,298,690),(263,258,241),(238,295,879),(263,238,242),(237,299,691),(263,240,243),(237,300,692),(263,1098,244),(263,1099,245),(263,1100,246),(297,1024,95),(238,296,880),(298,289,820),(236,1139,764),(238,297,881),(298,288,821),(298,1187,822),(236,1142,765),(238,298,882),(236,1143,766),(238,299,883),(298,295,823),(330,1088,11),(236,1144,767),(238,300,884),(298,296,824),(330,1090,12),(298,297,825),(236,1145,768),(238,301,885),(330,1091,13),(236,1152,769),(238,302,886),(298,298,826),(330,1093,14),(236,1153,770),(238,303,887),(298,299,827),(330,1094,15),(236,1171,771),(238,304,888),(298,300,828),(330,1095,16),(236,1190,772),(238,1188,889),(298,301,829),(238,699,890),(298,302,830),(238,738,891),(237,301,693),(298,303,831),(295,301,626),(298,304,832),(295,302,627),(238,843,892),(237,302,694),(237,303,695),(295,303,628),(238,741,893),(298,1188,833),(237,304,696),(238,878,894),(295,304,629),(298,699,834),(237,1188,697),(295,1188,630),(238,732,895),(298,738,835),(298,843,836),(295,338,631),(238,746,896),(237,338,698),(237,227,699),(295,227,632),(238,747,897),(298,741,837),(238,748,898),(298,878,838),(238,749,899),(298,732,839),(298,746,840),(238,750,900),(238,751,901),(298,747,841),(220,1100,242),(263,1101,247),(238,1076,902),(298,748,842),(238,338,903),(298,749,843),(220,1101,243),(263,1102,248),(238,1192,904),(298,750,844),(220,1102,244),(263,1103,249),(238,1193,905),(298,751,845),(298,1076,846),(238,481,906),(220,1103,245),(263,1131,250),(238,489,907),(298,338,847),(220,1131,246),(263,1132,251),(238,1037,908),(298,1192,848),(220,1132,247),(298,1193,849),(263,1133,252),(238,1084,909),(220,1133,248),(263,1134,253),(220,1134,249),(263,1135,254),(220,1135,250),(263,1136,255),(220,1136,251),(263,1146,256),(220,1146,252),(263,1147,257),(220,1147,253),(263,1148,258),(220,1148,254),(263,1149,259),(220,1149,255),(263,1150,260),(220,1150,256),(263,1160,261),(220,1160,257),(263,1161,262),(220,1161,258),(263,1162,263),(238,1197,910),(298,481,850),(330,1114,17),(298,489,851),(236,1191,773),(238,1198,911),(330,1115,18),(298,1037,852),(236,1192,774),(238,1199,912),(330,1116,19),(298,1084,853),(236,1193,775),(238,1195,913),(330,1117,20),(298,1197,854),(236,1194,776),(238,1201,914),(330,1118,21),(236,1195,777),(238,1196,915),(298,1198,855),(330,1119,22),(298,1199,856),(236,1196,778),(238,1200,916),(330,1120,23),(298,1195,857),(236,1197,779),(238,1171,917),(330,1121,24),(236,1198,780),(330,1122,25),(236,1199,781),(330,1123,26),(236,1200,782),(330,1124,27),(330,1125,28),(330,1126,29),(296,168,431),(238,1202,918),(298,1201,858),(330,1127,30),(298,1196,859),(236,1201,783),(238,1217,919),(330,1128,31),(236,1202,784),(298,1200,860),(298,1171,861),(298,1202,862),(298,1217,863),(330,1138,32),(236,1203,785),(330,1139,33),(236,1204,786),(330,1142,34),(236,1205,787),(330,1143,35),(330,1144,36),(330,1145,37),(330,1152,38),(330,1153,39),(296,516,432),(236,730,270),(238,347,229),(273,483,24),(295,4,0),(237,347,234),(236,481,267),(236,487,263),(238,345,227),(238,731,223),(273,481,21),(273,487,17),(295,5,1),(295,6,2),(237,496,228),(237,345,232),(238,1210,920),(237,516,700),(298,1210,864),(295,516,633),(299,508,393),(220,1162,259),(263,1163,264),(237,508,701),(238,1221,921),(295,508,634),(298,1221,865),(220,1163,260),(263,1166,265),(238,1215,922),(237,137,702),(298,1215,866),(295,137,635),(238,1216,923),(298,1216,867),(220,1187,261),(263,1167,266),(220,1188,262),(263,1169,267),(263,1187,268),(238,1211,924),(298,1211,868),(263,1188,269),(238,1225,925),(298,1225,869),(238,1229,926),(298,1229,870),(236,1206,788),(238,1219,927),(298,1219,871),(238,1226,928),(298,1226,872),(298,1223,873),(238,1223,929),(238,1228,930),(298,1228,874),(238,1222,931),(298,1222,875),(331,1203,14),(236,1207,789),(238,1220,932),(298,1220,876),(331,1204,15),(236,1208,790),(331,1205,16),(236,1209,791),(238,1191,933),(298,1191,877),(331,1206,17),(298,1224,878),(236,1210,792),(238,1224,934),(331,1207,18),(298,1218,879),(236,1211,793),(238,1218,935),(331,1208,19),(298,1194,880),(236,1212,794),(238,1194,936),(331,1209,20),(298,1208,881),(236,1213,795),(238,1208,937),(331,1210,21),(298,1206,882),(236,1214,796),(238,1206,938),(331,1211,22),(298,1207,883),(236,1215,797),(238,1207,939),(331,1212,23),(298,1205,884),(236,1216,798),(238,1205,940),(331,1213,24),(298,1203,885),(236,1217,799),(238,1203,941),(331,1214,25),(298,1204,886),(236,1218,800),(238,1204,942),(331,1215,26),(236,1219,801),(238,1214,943),(298,1214,887),(331,1216,27),(298,1209,888),(236,1220,802),(238,1209,944),(331,1217,28),(298,1190,889),(236,1221,803),(238,1190,945),(331,1218,29),(298,1213,890),(236,1222,804),(238,1213,946),(331,1219,30),(298,516,891),(236,1223,805),(238,516,947),(331,1220,31),(298,845,892),(236,1224,806),(238,845,948),(331,1221,32),(298,137,893),(236,1225,807),(238,137,949),(331,1222,33),(298,1248,894),(236,1226,808),(238,1248,950),(331,1223,34),(298,1227,895),(236,1227,809),(238,1227,951),(331,1224,35),(236,1228,810),(331,1225,36),(236,1229,811),(331,1226,37),(331,1227,38),(331,1228,39),(331,1229,40),(382,803,0),(383,613,0),(384,953,0),(385,35,0),(382,802,1),(383,618,1),(384,896,1),(385,30,1),(382,801,2),(383,623,2),(384,925,2),(385,67,2),(386,613,0),(387,35,0),(384,944,3),(385,80,3),(382,799,3),(383,614,3),(382,804,4),(383,615,4),(384,967,4),(385,19,4),(382,800,5),(383,619,5),(384,964,5),(385,57,5),(382,807,6),(383,621,6),(384,935,6),(385,40,6),(387,30,1),(382,808,7),(383,622,7),(384,899,7),(385,49,7),(386,618,1),(382,806,8),(383,617,8),(382,805,9),(383,616,9),(384,905,8),(385,6,8),(383,620,10),(386,623,2),(383,877,11),(386,614,3),(382,682,10),(383,859,12),(386,615,4),(382,828,11),(383,874,13),(386,619,5),(383,853,14),(386,621,6),(383,866,15),(386,622,7),(383,868,16),(386,617,8),(383,867,17),(386,616,9),(382,815,12),(382,794,13),(382,840,14),(382,813,15),(382,790,16),(382,701,17),(382,679,18),(383,861,18),(386,620,10),(383,857,19),(386,35,11),(382,703,19),(383,870,20),(386,30,12),(382,773,20),(382,693,21),(382,689,22),(382,831,23),(382,822,24),(382,732,25),(382,697,26),(382,789,27),(382,1061,28),(382,795,29),(382,821,30),(382,819,31),(382,705,32),(382,839,33),(382,756,34),(382,683,35),(382,734,36),(382,760,37),(382,1040,38),(382,735,39),(382,716,40),(382,709,41),(384,928,9),(382,721,42),(382,677,43),(382,730,44),(382,823,45),(382,733,46),(382,787,47),(382,782,48),(382,727,49),(382,850,50),(382,797,51),(382,777,52),(382,788,53),(382,836,54),(382,771,55),(382,830,56),(382,686,57),(382,826,58),(382,711,59),(382,755,60),(382,1047,61),(382,844,62),(382,740,63),(382,776,64),(382,784,65),(382,817,66),(382,793,67),(382,704,68),(382,738,69),(382,767,70),(382,694,71),(382,781,72),(382,736,73),(382,778,74),(382,757,75),(382,741,76),(382,847,77),(382,816,78),(382,688,79),(382,783,80),(382,785,81),(382,753,82),(382,766,83),(382,812,84),(382,838,85),(382,718,86),(382,834,87),(382,810,88),(382,762,89),(382,841,90),(382,719,91),(382,754,92),(382,751,93),(382,743,94),(382,768,95),(382,843,96),(382,695,97),(382,763,98),(382,827,99),(382,720,100),(382,752,101),(382,739,102),(382,779,103),(382,712,104),(382,835,105),(382,684,106),(382,744,107),(382,706,108),(382,690,109),(382,774,110),(382,1044,111),(382,747,112),(382,692,113),(382,742,114),(382,811,115),(382,764,116),(382,710,117),(382,681,118),(382,699,119),(382,792,120),(382,737,121),(382,825,122),(382,749,123),(382,769,124),(382,842,125),(382,678,126),(382,798,127),(382,829,128),(382,786,129),(382,714,130),(382,809,131),(382,715,132),(382,758,133),(382,713,134),(382,849,135),(382,687,136),(382,772,137),(382,765,138),(382,833,139),(382,796,140),(382,723,141),(382,700,142),(382,770,143),(382,837,144),(382,750,145),(382,680,146),(382,717,147),(382,746,148),(382,748,149),(382,691,150),(382,775,151),(382,729,152),(382,707,153),(382,702,154),(382,848,155),(382,814,156),(382,708,157),(382,818,158),(382,791,159),(382,1038,160),(382,780,161),(382,685,162),(382,745,163),(382,824,164),(382,832,165),(382,759,166),(382,722,167),(382,761,168),(382,820,169),(382,698,170),(382,731,171),(382,696,172),(382,846,173),(382,728,174),(382,724,175),(382,1116,176),(382,1138,177),(382,1121,178),(382,1126,179),(382,1117,180),(382,1094,181),(382,1076,182),(382,1080,183),(382,1119,184),(382,1095,185),(382,1152,186),(382,1142,187),(382,1128,188),(384,917,10),(384,902,11),(384,962,12),(384,900,13),(384,933,14),(384,926,15),(384,941,16),(384,923,17),(384,930,18),(384,919,19),(384,891,20),(384,946,21),(384,955,22),(384,939,23),(384,943,24),(384,960,25),(384,912,26),(384,889,27),(384,931,28),(384,966,29),(384,949,30),(384,965,31),(384,961,32),(384,934,33),(384,920,34),(384,959,35),(384,942,36),(384,936,37),(384,894,38),(384,898,39),(384,968,40),(384,932,41),(384,895,42),(384,918,43),(384,924,44),(384,937,45),(384,904,46),(384,954,47),(384,892,48),(384,908,49),(384,901,50),(384,945,51),(384,903,52),(384,915,53),(384,929,54),(384,957,55),(384,940,56),(384,963,57),(384,913,58),(384,910,59),(384,947,60),(384,956,61),(384,893,62),(384,951,63),(384,948,64),(384,927,65),(384,907,66),(384,909,67),(384,911,68),(384,922,69),(384,969,70),(384,906,71),(384,890,72),(384,897,73),(384,916,74),(384,938,75),(384,914,76),(384,952,77),(384,950,78),(384,921,79),(384,958,80),(384,492,81),(384,488,82),(384,474,83),(384,496,84),(384,473,85),(384,471,86),(384,476,87),(384,493,88),(384,477,89),(384,483,90),(382,1088,189),(382,1123,190),(382,1120,191),(382,1125,192),(382,1093,193),(382,1127,194),(382,1118,195),(382,1139,196),(382,1081,197),(382,1082,198),(382,1122,199),(382,1114,200),(382,1153,201),(382,1143,202),(382,1079,203),(382,1078,204),(382,1145,205),(382,1085,206),(382,1083,207),(382,1115,208),(382,1086,209),(382,1077,210),(382,1090,211),(382,1091,212),(382,1124,213),(382,1144,214),(382,864,215),(382,877,216),(382,859,217),(382,874,218),(382,853,219),(382,866,220),(382,868,221),(382,867,222),(382,861,223),(382,857,224),(382,870,225),(382,865,226),(382,872,227),(382,862,228),(382,856,229),(382,878,230),(383,865,21),(382,873,231),(383,872,22),(382,875,232),(383,862,23),(382,869,233),(383,856,24),(382,851,234),(383,873,25),(382,876,235),(383,875,26),(382,863,236),(383,869,27),(382,871,237),(383,851,28),(382,852,238),(383,863,29),(382,860,239),(383,871,30),(382,855,240),(383,860,31),(382,854,241),(383,855,32),(382,858,242),(383,854,33),(382,668,243),(383,858,34),(382,674,244),(382,675,245),(383,995,35),(382,669,246),(383,1003,36),(382,670,247),(383,998,37),(382,671,248),(383,1010,38),(382,676,249),(382,673,250),(383,988,39),(382,672,251),(383,986,40),(382,481,252),(382,489,253),(383,976,41),(382,995,254),(383,981,42),(382,1003,255),(383,985,43),(382,998,256),(383,983,44),(382,1055,257),(382,1054,258),(382,1010,259),(382,988,260),(382,986,261),(382,976,262),(382,981,263),(382,985,264),(382,983,265),(384,484,91),(384,482,92),(384,478,93),(384,491,94),(384,481,95),(384,479,96),(384,486,97),(384,497,98),(384,490,99),(384,472,100),(384,494,101),(384,495,102),(384,487,103),(384,489,104),(382,1007,266),(384,480,105),(384,475,106),(384,485,107),(384,35,108),(384,30,109),(384,67,110),(384,80,111),(384,19,112),(384,57,113),(382,974,267),(384,40,114),(384,49,115),(384,6,116),(384,66,117),(382,1011,268),(383,1007,45),(382,990,269),(383,974,46),(382,1005,270),(383,1011,47),(382,982,271),(382,1012,272),(382,996,273),(383,990,48),(382,992,274),(383,1005,49),(382,979,275),(383,982,50),(382,1000,276),(383,1012,51),(382,975,277),(383,996,52),(382,999,278),(383,992,53),(382,1008,279),(383,979,54),(382,993,280),(383,1000,55),(382,989,281),(383,975,56),(382,980,282),(383,999,57),(382,973,283),(383,1008,58),(382,970,284),(383,993,59),(382,1019,285),(383,989,60),(382,978,286),(383,980,61),(382,972,287),(383,973,62),(382,984,288),(383,970,63),(382,1002,289),(383,978,64),(382,994,290),(383,972,65),(382,991,291),(383,984,66),(382,977,292),(383,1002,67),(382,1009,293),(383,994,68),(382,997,294),(383,991,69),(382,1004,295),(383,977,70),(382,987,296),(383,1009,71),(382,1001,297),(383,997,72),(382,971,298),(383,1004,73),(382,35,299),(382,30,300),(383,987,74),(382,67,301),(383,1001,75),(382,80,302),(383,971,76),(382,19,303),(383,35,77),(382,57,304),(383,30,78),(382,40,305),(383,67,79),(382,49,306),(383,80,80),(382,6,307),(383,19,81),(382,66,308),(383,57,82),(382,12,309),(383,40,83),(382,48,310),(383,49,84),(382,79,311),(383,6,85),(382,5,312),(383,66,86),(382,81,313),(383,12,87),(386,67,13),(384,12,118),(385,66,9),(387,67,2),(382,70,314),(383,48,88),(386,80,14),(384,48,119),(385,12,10),(387,80,3),(382,73,315),(383,79,89),(386,19,15),(384,79,120),(385,48,11),(387,19,4),(382,17,316),(383,5,90),(386,57,16),(384,5,121),(385,79,12),(387,57,5),(382,7,317),(383,81,91),(386,40,17),(384,81,122),(385,5,13),(387,40,6),(382,77,318),(383,70,92),(386,49,18),(384,70,123),(385,81,14),(387,49,7),(382,36,319),(383,73,93),(386,6,19),(384,73,124),(385,70,15),(387,6,8),(382,65,320),(383,17,94),(386,66,20),(384,17,125),(385,73,16),(387,66,9),(382,18,321),(383,7,95),(386,12,21),(384,7,126),(385,17,17),(387,12,10),(382,32,322),(383,77,96),(386,48,22),(384,77,127),(385,7,18),(387,48,11),(382,47,323),(383,36,97),(386,79,23),(384,36,128),(385,77,19),(387,79,12),(382,43,324),(383,65,98),(386,5,24),(384,65,129),(385,36,20),(387,5,13),(382,53,325),(383,18,99),(386,81,25),(384,18,130),(385,65,21),(387,81,14),(382,22,326),(383,32,100),(386,70,26),(384,32,131),(385,18,22),(387,70,15),(382,27,327),(383,47,101),(386,73,27),(384,47,132),(385,32,23),(387,73,16),(382,45,328),(383,53,102),(386,7,28),(384,43,133),(385,47,24),(387,7,17),(382,44,329),(383,22,103),(386,77,29),(384,53,134),(385,53,25),(387,77,18),(382,16,330),(383,27,104),(384,22,135),(385,22,26),(382,42,331),(383,44,105),(386,36,30),(384,27,136),(385,27,27),(387,36,19),(382,23,332),(383,16,106),(386,65,31),(384,45,137),(385,44,28),(387,65,20),(382,34,333),(383,42,107),(386,18,32),(384,44,138),(385,16,29),(387,18,21),(382,24,334),(383,23,108),(386,32,33),(384,16,139),(385,42,30),(387,32,22),(382,39,335),(383,34,109),(386,47,34),(384,42,140),(385,23,31),(387,47,23),(382,37,336),(383,24,110),(386,53,35),(384,23,141),(385,34,32),(387,53,24),(382,71,337),(383,39,111),(386,22,36),(384,34,142),(385,24,33),(387,22,25),(382,62,338),(384,24,143),(382,61,339),(383,37,112),(386,27,37),(384,39,144),(385,39,34),(387,27,26),(382,59,340),(383,71,113),(386,44,38),(384,37,145),(385,37,35),(387,44,27),(382,63,341),(383,62,114),(386,16,39),(384,71,146),(385,71,36),(387,16,28),(382,13,342),(384,62,147),(382,9,343),(383,61,115),(386,42,40),(384,61,148),(385,62,37),(387,42,29),(382,78,344),(383,59,116),(386,23,41),(384,59,149),(385,61,38),(387,23,30),(382,56,345),(383,63,117),(386,34,42),(384,63,150),(385,59,39),(387,34,31),(382,41,346),(383,13,118),(386,24,43),(384,13,151),(385,63,40),(387,24,32),(382,8,347),(383,9,119),(386,39,44),(384,9,152),(385,13,41),(387,39,33),(382,69,348),(383,78,120),(386,37,45),(384,78,153),(385,9,42),(387,37,34),(382,74,349),(383,56,121),(386,71,46),(384,56,154),(385,78,43),(387,71,35),(382,4,350),(383,41,122),(386,62,47),(384,41,155),(385,56,44),(387,62,36),(382,26,351),(383,8,123),(386,61,48),(384,8,156),(385,41,45),(387,61,37),(382,20,352),(383,69,124),(386,59,49),(384,69,157),(385,8,46),(387,59,38),(382,14,353),(383,74,125),(386,63,50),(384,74,158),(385,69,47),(387,63,39),(382,58,354),(383,4,126),(386,13,51),(384,4,159),(385,74,48),(387,13,40),(382,33,355),(383,26,127),(386,9,52),(384,26,160),(385,4,49),(387,9,41),(382,55,356),(383,20,128),(386,78,53),(384,20,161),(385,26,50),(387,78,42),(382,21,357),(383,14,129),(386,56,54),(384,14,162),(385,20,51),(387,56,43),(382,76,358),(383,58,130),(386,41,55),(384,58,163),(385,14,52),(387,41,44),(382,31,359),(383,33,131),(386,8,56),(384,33,164),(385,58,53),(387,8,45),(382,28,360),(383,55,132),(386,69,57),(384,55,165),(385,33,54),(387,69,46),(382,75,361),(383,21,133),(386,74,58),(384,21,166),(385,55,55),(387,74,47),(382,51,362),(383,76,134),(386,4,59),(384,76,167),(385,21,56),(387,4,48),(382,64,363),(383,31,135),(386,26,60),(384,31,168),(385,76,57),(387,26,49),(382,60,364),(383,28,136),(386,20,61),(384,28,169),(385,31,58),(387,20,50),(382,68,365),(383,75,137),(386,14,62),(384,75,170),(385,28,59),(387,14,51),(382,72,366),(383,51,138),(386,58,63),(384,51,171),(385,75,60),(387,58,52),(382,52,367),(383,64,139),(386,33,64),(384,64,172),(385,51,61),(387,33,53),(382,29,368),(383,60,140),(386,55,65),(384,60,173),(385,64,62),(387,55,54),(382,54,369),(383,68,141),(386,21,66),(384,68,174),(385,60,63),(387,21,55),(382,11,370),(383,72,142),(386,76,67),(384,72,175),(385,68,64),(387,76,56),(382,50,371),(383,52,143),(386,31,68),(384,52,176),(385,72,65),(387,31,57),(382,10,372),(383,29,144),(386,28,69),(384,29,177),(385,52,66),(387,28,58),(382,46,373),(383,54,145),(386,75,70),(384,54,178),(385,29,67),(387,75,59),(382,15,374),(383,11,146),(386,51,71),(384,11,179),(385,54,68),(387,51,60),(382,25,375),(383,50,147),(386,64,72),(384,50,180),(385,11,69),(387,64,61),(382,38,376),(383,10,148),(386,60,73),(384,10,181),(385,50,70),(387,60,62),(382,650,377),(383,15,149),(386,68,74),(384,46,182),(385,10,71),(387,68,63),(382,646,378),(383,25,150),(386,72,75),(384,15,183),(385,15,72),(387,72,64),(382,649,379),(383,38,151),(386,52,76),(384,25,184),(385,25,73),(387,52,65),(382,643,380),(383,650,152),(386,29,77),(384,38,185),(385,38,74),(387,29,66),(382,666,381),(383,646,153),(386,54,78),(384,650,186),(385,650,75),(387,54,67),(382,641,382),(383,649,154),(386,11,79),(384,646,187),(385,646,76),(387,11,68),(382,630,383),(383,643,155),(386,50,80),(384,649,188),(385,649,77),(387,50,69),(382,642,384),(383,666,156),(386,10,81),(384,643,189),(385,643,78),(387,10,70),(382,629,385),(383,641,157),(386,15,82),(384,666,190),(385,666,79),(387,15,71),(382,652,386),(383,630,158),(386,25,83),(384,641,191),(385,641,80),(387,25,72),(382,632,387),(384,630,192),(382,661,388),(383,642,159),(386,38,84),(384,642,193),(385,630,81),(387,38,73),(382,645,389),(383,629,160),(386,1024,85),(384,629,194),(385,642,82),(387,1024,74),(382,667,390),(383,652,161),(386,1057,86),(384,652,195),(385,629,83),(387,139,75),(382,640,391),(383,632,162),(384,632,196),(385,652,84),(382,658,392),(383,661,163),(384,661,197),(385,632,85),(382,651,393),(383,645,164),(384,645,198),(385,661,86),(382,657,394),(383,667,165),(384,667,199),(385,645,87),(382,662,395),(383,640,166),(384,640,200),(385,667,88),(382,664,396),(383,658,167),(384,658,201),(385,640,89),(382,656,397),(383,651,168),(384,651,202),(385,658,90),(382,663,398),(383,657,169),(384,657,203),(385,651,91),(382,647,399),(383,662,170),(384,662,204),(385,657,92),(382,633,400),(383,664,171),(384,664,205),(385,662,93),(382,655,401),(383,656,172),(384,656,206),(385,664,94),(382,637,402),(383,663,173),(384,663,207),(385,656,95),(382,665,403),(383,647,174),(384,647,208),(385,663,96),(382,648,404),(383,633,175),(384,633,209),(385,647,97),(382,659,405),(383,655,176),(384,655,210),(385,633,98),(382,639,406),(383,637,177),(384,637,211),(385,655,99),(382,638,407),(383,665,178),(384,665,212),(385,637,100),(382,644,408),(383,648,179),(384,648,213),(385,665,101),(382,653,409),(383,659,180),(384,659,214),(385,648,102),(382,660,410),(383,639,181),(384,639,215),(385,659,103),(382,654,411),(383,638,182),(384,638,216),(385,639,104),(382,634,412),(383,644,183),(384,644,217),(385,638,105),(382,631,413),(383,653,184),(384,653,218),(385,644,106),(382,635,414),(383,660,185),(384,660,219),(385,653,107),(382,636,415),(383,654,186),(384,654,220),(385,660,108),(382,599,416),(383,634,187),(384,634,221),(385,654,109),(382,521,417),(383,631,188),(384,631,222),(385,634,110),(382,565,418),(383,635,189),(384,635,223),(385,631,111),(382,567,419),(383,636,190),(384,636,224),(385,635,112),(382,559,420),(383,599,191),(384,599,225),(385,636,113),(382,601,421),(383,521,192),(384,521,226),(385,599,114),(382,610,422),(383,565,193),(384,565,227),(385,521,115),(382,578,423),(383,567,194),(384,567,228),(385,565,116),(382,602,424),(383,559,195),(384,559,229),(385,567,117),(382,562,425),(383,601,196),(384,601,230),(385,559,118),(382,548,426),(383,610,197),(384,610,231),(385,601,119),(382,604,427),(383,578,198),(384,578,232),(385,610,120),(382,557,428),(383,602,199),(384,537,233),(385,578,121),(382,552,429),(383,562,200),(384,602,234),(385,537,122),(382,561,430),(383,548,201),(384,562,235),(385,602,123),(382,600,431),(383,604,202),(384,548,236),(385,562,124),(382,603,432),(383,557,203),(384,604,237),(385,548,125),(382,586,433),(383,552,204),(384,557,238),(385,604,126),(382,571,434),(383,561,205),(384,552,239),(385,557,127),(382,594,435),(383,600,206),(384,561,240),(385,552,128),(382,533,436),(383,603,207),(384,600,241),(385,561,129),(382,597,437),(383,586,208),(384,603,242),(385,600,130),(384,539,243),(385,603,131),(382,544,438),(383,571,209),(384,586,244),(385,539,132),(382,545,439),(383,594,210),(384,571,245),(385,586,133),(382,590,440),(383,533,211),(384,594,246),(385,571,134),(382,584,441),(383,597,212),(384,533,247),(385,594,135),(382,530,442),(383,544,213),(384,597,248),(385,533,136),(382,549,443),(383,545,214),(384,544,249),(385,597,137),(382,585,444),(383,590,215),(384,545,250),(385,544,138),(382,605,445),(383,584,216),(384,590,251),(385,545,139),(382,606,446),(383,530,217),(384,584,252),(385,590,140),(384,530,253),(385,584,141),(382,566,447),(383,549,218),(384,549,254),(385,530,142),(382,513,448),(383,585,219),(384,585,255),(385,549,143),(382,514,449),(383,605,220),(384,605,256),(385,585,144),(382,554,450),(383,606,221),(384,606,257),(385,605,145),(382,525,451),(383,566,222),(384,566,258),(385,606,146),(382,577,452),(383,513,223),(384,513,259),(385,566,147),(382,553,453),(383,514,224),(384,511,260),(385,513,148),(382,595,454),(383,554,225),(384,514,261),(385,511,149),(382,558,455),(383,525,226),(384,554,262),(385,514,150),(382,516,456),(383,577,227),(384,525,263),(385,554,151),(382,608,457),(383,553,228),(384,577,264),(385,525,152),(382,581,458),(383,595,229),(384,553,265),(385,577,153),(382,523,459),(383,558,230),(384,595,266),(385,553,154),(382,598,460),(383,608,231),(384,558,267),(385,595,155),(382,575,461),(383,581,232),(384,608,268),(385,558,156),(382,570,462),(383,523,233),(384,535,269),(385,608,157),(384,581,270),(385,535,158),(382,518,463),(383,598,234),(384,523,271),(385,581,159),(382,568,464),(383,575,235),(384,598,272),(385,523,160),(382,583,465),(383,570,236),(384,575,273),(385,598,161),(382,520,466),(383,518,237),(384,570,274),(385,575,162),(382,517,467),(383,568,238),(384,518,275),(385,570,163),(382,596,468),(383,583,239),(384,568,276),(385,518,164),(382,569,469),(383,520,240),(384,583,277),(385,568,165),(382,573,470),(383,517,241),(384,520,278),(385,583,166),(382,528,471),(383,596,242),(384,536,279),(385,520,167),(384,517,280),(385,536,168),(382,515,472),(383,569,243),(384,596,281),(385,517,169),(382,526,473),(383,573,244),(384,569,282),(385,596,170),(382,588,474),(383,528,245),(384,573,283),(385,569,171),(382,555,475),(383,515,246),(384,528,284),(385,573,172),(382,534,476),(383,526,247),(384,515,285),(385,528,173),(382,576,477),(383,588,248),(384,526,286),(385,515,174),(382,593,478),(383,555,249),(384,588,287),(385,526,175),(382,502,479),(383,534,250),(384,555,288),(385,588,176),(382,542,480),(383,576,251),(384,534,289),(385,555,177),(384,576,290),(385,534,178),(382,551,481),(383,593,252),(384,593,291),(385,576,179),(382,592,482),(383,502,253),(384,502,292),(385,593,180),(382,522,483),(383,542,254),(384,542,293),(385,502,181),(382,574,484),(383,551,255),(384,551,294),(385,542,182),(382,529,485),(383,592,256),(384,592,295),(385,551,183),(382,572,486),(383,522,257),(384,522,296),(385,592,184),(382,524,487),(383,574,258),(384,574,297),(385,522,185),(382,527,488),(383,529,259),(384,529,298),(385,574,186),(382,550,489),(383,572,260),(384,538,299),(385,529,187),(382,607,490),(383,524,261),(384,572,300),(385,538,188),(382,580,491),(383,527,262),(384,524,301),(385,572,189),(382,582,492),(383,550,263),(384,506,302),(385,524,190),(382,519,493),(383,607,264),(384,527,303),(385,506,191),(382,556,494),(383,580,265),(384,550,304),(385,527,192),(382,560,495),(383,582,266),(384,607,305),(385,550,193),(382,579,496),(383,519,267),(384,580,306),(385,607,194),(382,591,497),(383,556,268),(384,505,307),(385,580,195),(382,1024,498),(383,560,269),(384,582,308),(385,505,196),(382,532,499),(383,579,270),(384,509,309),(385,582,197),(384,519,310),(385,509,198),(382,587,500),(383,591,271),(384,556,311),(385,519,199),(382,531,501),(383,1024,272),(384,560,312),(385,556,200),(384,579,313),(385,560,201),(382,543,502),(383,532,273),(384,591,314),(385,579,202),(382,589,503),(383,587,274),(384,510,315),(385,591,203),(382,547,504),(383,531,275),(384,1024,316),(385,510,204),(382,541,505),(383,543,276),(384,507,317),(385,1024,205),(384,532,318),(385,507,206),(382,564,506),(383,589,277),(384,587,319),(385,532,207),(384,531,320),(385,587,208),(382,563,507),(383,547,278),(384,543,321),(385,531,209),(382,546,508),(383,541,279),(384,589,322),(385,543,210),(382,501,509),(383,564,280),(384,547,323),(385,589,211),(382,609,510),(383,563,281),(384,541,324),(385,547,212),(382,196,511),(383,546,282),(384,540,325),(385,541,213),(384,564,326),(385,540,214),(382,168,512),(383,501,283),(386,139,87),(384,512,327),(385,564,215),(387,138,76),(384,503,328),(385,512,216),(384,563,329),(385,503,217),(382,197,513),(383,609,284),(384,546,330),(385,563,218),(382,143,514),(383,196,285),(384,504,331),(385,546,219),(382,111,515),(383,168,286),(384,501,332),(385,504,220),(382,219,516),(383,197,287),(384,609,333),(385,501,221),(382,154,517),(383,143,288),(384,196,334),(385,609,222),(382,122,518),(383,111,289),(384,168,335),(385,196,223),(382,186,519),(383,219,290),(384,197,336),(385,168,224),(384,143,337),(385,197,225),(382,141,520),(383,154,291),(384,111,338),(385,143,226),(384,219,339),(385,111,227),(384,154,340),(385,219,228),(382,176,521),(383,122,292),(384,122,341),(385,154,229),(382,218,522),(383,186,293),(384,186,342),(385,122,230),(384,141,343),(385,186,231),(382,153,523),(383,141,294),(384,176,344),(385,141,232),(382,213,524),(383,176,295),(384,218,345),(385,176,233),(382,142,525),(382,215,526),(382,167,527),(382,150,528),(382,224,529),(382,136,530),(382,165,531),(382,132,532),(382,223,533),(382,182,534),(382,146,535),(382,157,536),(382,1057,537),(382,187,538),(382,174,539),(383,218,296),(384,153,346),(385,218,234),(382,118,540),(383,153,297),(384,213,347),(385,153,235),(382,221,541),(383,213,298),(384,142,348),(385,213,236),(382,180,542),(383,142,299),(384,215,349),(385,142,237),(382,206,543),(383,215,300),(384,167,350),(385,215,238),(382,148,544),(383,167,301),(384,150,351),(385,167,239),(382,130,545),(383,150,302),(384,224,352),(385,150,240),(382,124,546),(383,224,303),(384,136,353),(385,224,241),(382,147,547),(383,136,304),(384,165,354),(385,136,242),(382,139,548),(383,165,305),(384,132,355),(385,165,243),(382,208,549),(383,132,306),(384,223,356),(385,132,244),(382,228,550),(383,223,307),(384,182,357),(385,223,245),(382,185,551),(383,182,308),(384,146,358),(385,182,246),(382,175,552),(383,146,309),(384,157,359),(385,146,247),(382,140,553),(383,157,310),(384,187,360),(385,157,248),(382,145,554),(383,1057,311),(384,174,361),(385,187,249),(382,115,555),(383,187,312),(384,118,362),(385,174,250),(382,195,556),(383,174,313),(384,221,363),(385,118,251),(382,135,557),(383,118,314),(384,180,364),(385,221,252),(382,166,558),(383,221,315),(384,206,365),(385,180,253),(382,109,559),(383,180,316),(384,148,366),(385,206,254),(382,220,560),(383,206,317),(384,130,367),(385,148,255),(382,107,561),(383,148,318),(384,124,368),(385,130,256),(382,160,562),(383,130,319),(384,147,369),(385,124,257),(382,151,563),(383,124,320),(384,139,370),(385,147,258),(382,210,564),(383,147,321),(384,208,371),(385,139,259),(382,225,565),(383,139,322),(386,138,88),(382,121,566),(383,208,323),(384,185,372),(385,208,260),(382,189,567),(383,228,324),(384,175,373),(385,185,261),(382,144,568),(383,185,325),(384,140,374),(385,175,262),(382,134,569),(383,175,326),(384,145,375),(385,140,263),(382,179,570),(383,140,327),(384,115,376),(385,145,264),(382,131,571),(383,145,328),(384,195,377),(385,115,265),(382,198,572),(383,115,329),(384,135,378),(385,195,266),(382,194,573),(383,195,330),(384,166,379),(385,135,267),(382,184,574),(383,135,331),(384,109,380),(385,166,268),(382,119,575),(383,166,332),(384,220,381),(385,109,269),(382,204,576),(383,109,333),(386,1162,89),(384,107,382),(385,220,270),(387,1162,77),(382,177,577),(383,220,334),(384,160,383),(385,107,271),(382,190,578),(383,107,335),(382,152,579),(383,160,336),(384,151,384),(385,160,272),(382,159,580),(383,151,337),(384,210,385),(385,151,273),(382,108,581),(383,210,338),(384,225,386),(385,210,274),(382,126,582),(383,225,339),(384,121,387),(385,225,275),(382,212,583),(383,121,340),(384,189,388),(385,121,276),(382,113,584),(383,189,341),(384,144,389),(385,189,277),(382,207,585),(383,144,342),(384,134,390),(385,144,278),(382,214,586),(383,134,343),(384,179,391),(385,134,279),(382,125,587),(383,179,344),(384,131,392),(385,179,280),(382,226,588),(383,131,345),(384,198,393),(385,131,281),(382,116,589),(383,198,346),(384,194,394),(385,198,282),(382,217,590),(383,194,347),(384,184,395),(385,194,283),(382,117,591),(383,184,348),(384,119,396),(385,184,284),(382,205,592),(383,119,349),(384,204,397),(385,119,285),(382,203,593),(383,204,350),(384,177,398),(385,204,286),(382,173,594),(383,177,351),(384,190,399),(385,177,287),(382,164,595),(383,190,352),(384,152,400),(385,190,288),(382,120,596),(383,152,353),(384,159,401),(385,152,289),(382,133,597),(383,159,354),(384,126,402),(385,159,290),(382,216,598),(383,108,355),(384,212,403),(385,126,291),(382,1056,599),(383,126,356),(384,113,404),(385,212,292),(382,188,600),(383,212,357),(384,207,405),(385,113,293),(382,209,601),(383,113,358),(384,214,406),(385,207,294),(382,199,602),(383,207,359),(384,125,407),(385,214,295),(382,211,603),(383,214,360),(384,226,408),(385,125,296),(382,178,604),(383,125,361),(384,116,409),(385,226,297),(382,170,605),(383,226,362),(384,217,410),(385,116,298),(382,200,606),(383,116,363),(384,117,411),(385,217,299),(382,202,607),(383,217,364),(384,205,412),(385,117,300),(382,129,608),(383,117,365),(384,203,413),(385,205,301),(382,193,609),(383,205,366),(384,173,414),(385,203,302),(382,114,610),(383,203,367),(382,163,611),(383,173,368),(384,164,415),(385,173,303),(382,158,612),(383,164,369),(384,120,416),(385,164,304),(382,110,613),(383,120,370),(384,133,417),(385,120,305),(382,155,614),(383,133,371),(384,216,418),(385,133,306),(382,201,615),(383,216,372),(384,1056,419),(385,216,307),(382,112,616),(383,1056,373),(384,188,420),(385,1056,308),(382,149,617),(383,188,374),(384,209,421),(385,188,309),(382,127,618),(383,209,375),(384,199,422),(385,209,310),(382,227,619),(383,199,376),(384,211,423),(385,199,311),(382,138,620),(383,211,377),(384,178,424),(385,211,312),(382,156,621),(383,178,378),(384,170,425),(385,178,313),(382,172,622),(383,170,379),(384,200,426),(385,170,314),(382,162,623),(383,200,380),(384,202,427),(385,200,315),(382,128,624),(383,202,381),(384,129,428),(385,202,316),(382,181,625),(383,129,382),(384,193,429),(385,129,317),(382,161,626),(383,193,383),(384,114,430),(385,193,318),(382,191,627),(383,114,384),(384,163,431),(385,114,319),(382,222,628),(383,163,385),(384,158,432),(385,163,320),(382,192,629),(383,158,386),(384,110,433),(385,158,321),(382,183,630),(383,110,387),(384,155,434),(385,110,322),(382,171,631),(383,155,388),(384,201,435),(385,155,323),(382,169,632),(383,201,389),(384,112,436),(385,201,324),(382,437,633),(383,112,390),(384,149,437),(385,112,325),(382,308,634),(383,149,391),(384,127,438),(385,149,326),(382,412,635),(383,127,392),(384,227,439),(385,127,327),(382,318,636),(383,227,393),(384,138,440),(385,227,328),(382,339,637),(383,138,394),(384,156,441),(385,138,329),(382,329,638),(383,156,395),(384,172,442),(385,156,330),(382,279,639),(383,172,396),(384,162,443),(385,172,331),(382,287,640),(383,162,397),(384,128,444),(385,162,332),(382,320,641),(383,128,398),(384,181,445),(385,128,333),(382,419,642),(383,181,399),(384,161,446),(385,181,334),(382,1052,643),(383,161,400),(384,191,447),(385,161,335),(382,1030,644),(383,191,401),(384,222,448),(385,191,336),(382,1101,645),(383,222,402),(384,192,449),(385,222,337),(382,350,646),(383,192,403),(384,183,450),(385,192,338),(382,431,647),(383,183,404),(384,171,451),(385,183,339),(382,448,648),(383,171,405),(384,169,452),(385,171,340),(382,281,649),(383,169,406),(386,274,90),(384,437,453),(385,169,341),(382,1025,650),(383,257,407),(384,308,454),(385,260,342),(382,428,651),(383,253,408),(384,408,455),(385,266,343),(382,1147,652),(383,1146,409),(384,318,456),(385,244,344),(382,438,653),(383,256,410),(384,339,457),(385,406,345),(382,456,654),(383,1161,411),(384,329,458),(385,269,346),(382,416,655),(383,1162,412),(384,287,459),(385,272,347),(382,277,656),(383,1160,413),(384,320,460),(385,263,348),(382,349,657),(383,249,414),(384,419,461),(385,1146,349),(382,392,658),(383,252,415),(384,1052,462),(385,241,350),(382,313,659),(383,251,416),(384,403,463),(385,245,351),(382,423,660),(383,250,417),(384,406,464),(385,232,352),(382,295,661),(383,254,418),(384,350,465),(385,237,353),(382,441,662),(384,431,466),(382,1103,663),(384,448,467),(382,297,664),(384,428,468),(382,391,665),(384,438,469),(385,268,354),(382,314,666),(384,456,470),(382,418,667),(384,416,471),(385,1161,355),(382,450,668),(382,1136,669),(384,349,472),(382,1031,670),(382,1148,671),(384,313,473),(385,264,356),(382,458,672),(384,423,474),(382,317,673),(384,295,475),(384,387,476),(382,436,674),(382,312,675),(384,441,477),(385,235,357),(382,1146,676),(384,297,478),(385,1162,358),(382,433,677),(384,314,479),(382,342,678),(384,418,480),(382,1060,679),(382,415,680),(382,296,681),(384,450,481),(382,360,682),(382,328,683),(384,1136,482),(382,348,684),(384,404,483),(385,247,359),(382,278,685),(384,400,484),(382,322,686),(382,298,687),(384,1148,485),(382,1161,688),(382,319,689),(384,458,486),(385,1160,360),(382,420,690),(384,317,487),(382,315,691),(384,436,488),(382,299,692),(384,312,489),(382,422,693),(382,326,694),(384,1146,490),(382,426,695),(382,1162,696),(384,433,491),(382,332,697),(383,255,419),(383,1150,420),(382,1131,698),(384,397,492),(382,434,699),(384,342,493),(382,430,700),(384,415,494),(382,340,701),(384,296,495),(384,360,496),(382,1163,702),(384,328,497),(382,285,703),(384,348,498),(382,464,704),(382,413,705),(384,322,499),(382,1160,706),(384,298,500),(382,352,707),(384,1161,501),(382,1134,708),(384,319,502),(382,435,709),(383,258,421),(384,420,503),(385,270,361),(382,302,710),(384,315,504),(384,299,505),(382,341,711),(384,422,506),(385,246,362),(382,417,712),(382,451,713),(384,326,507),(385,261,363),(382,421,714),(384,426,508),(383,516,422),(385,243,364),(382,343,715),(385,239,365),(382,323,716),(384,1162,509),(382,306,717),(384,332,510),(382,452,718),(382,351,719),(384,1131,511),(385,271,366),(382,305,720),(382,459,721),(384,434,512),(382,347,722),(384,430,513),(382,467,723),(383,137,423),(384,340,514),(385,233,367),(382,453,724),(384,285,515),(382,280,725),(384,464,516),(385,230,368),(382,1043,726),(384,413,517),(382,372,727),(384,1160,518),(382,325,728),(384,352,519),(385,405,369),(382,432,729),(384,1134,520),(382,364,730),(384,435,521),(382,282,731),(386,273,91),(384,302,522),(385,248,370),(382,344,732),(384,341,523),(382,466,733),(384,417,524),(382,1188,734),(384,451,525),(382,440,735),(384,421,526),(382,1132,736),(384,343,527),(382,363,737),(382,389,738),(384,323,528),(382,334,739),(384,306,529),(382,362,740),(384,396,530),(385,259,371),(382,455,741),(384,452,531),(385,402,372),(382,427,742),(384,351,532),(385,236,373),(382,442,743),(384,305,533),(382,414,744),(384,459,534),(382,1026,745),(384,347,535),(382,289,746),(382,445,747),(384,467,536),(385,262,374),(385,231,375),(382,390,748),(384,453,537),(385,242,376),(382,463,749),(382,429,750),(384,372,538),(382,460,751),(384,325,539),(382,465,752),(384,432,540),(382,359,753),(384,364,541),(382,346,754),(384,407,542),(384,344,543),(385,265,377),(382,303,755),(384,1188,544),(382,449,756),(382,292,757),(384,440,545),(382,336,758),(384,1132,546),(382,321,759),(384,363,547),(382,1102,760),(384,405,548),(382,361,761),(384,334,549),(382,446,762),(384,362,550),(382,1100,763),(382,365,764),(382,1133,765),(384,455,551),(382,284,766),(382,371,767),(384,427,552),(382,424,768),(384,442,553),(382,337,769),(384,414,554),(384,289,555),(382,425,770),(382,331,771),(384,445,556),(382,293,772),(382,454,773),(384,390,557),(382,324,774),(384,401,558),(382,286,775),(384,463,559),(385,234,378),(385,267,379),(382,462,776),(384,395,560),(385,1150,380),(384,429,561),(385,238,381),(382,447,777),(382,1028,778),(384,460,562),(382,468,779),(384,465,563),(382,358,780),(384,359,564),(382,393,781),(384,346,565),(382,1098,782),(384,303,566),(382,353,783),(384,409,567),(382,1099,784),(382,345,785),(384,449,568),(382,411,786),(384,292,569),(382,469,787),(384,336,570),(384,321,571),(382,307,788),(384,361,572),(382,300,789),(384,446,573),(382,439,790),(384,365,574),(382,294,791),(384,1133,575),(382,444,792),(384,371,576),(382,1135,793),(384,402,577),(382,338,794),(384,424,578),(382,327,795),(384,398,579),(385,240,382),(384,337,580),(382,330,796),(384,425,581),(385,516,383),(382,301,797),(384,331,582),(382,283,798),(384,293,583),(382,1149,799),(384,454,584),(382,461,800),(382,304,801),(382,311,802),(382,410,803),(384,394,585),(382,316,804),(384,324,586),(382,309,805),(382,288,806),(384,286,587),(382,335,807),(384,462,588),(382,310,808),(382,1150,809),(382,443,810),(384,447,589),(384,468,590),(385,508,384),(382,333,811),(382,1187,812),(384,358,591),(384,1098,592),(382,1029,813),(384,353,593),(382,457,814),(384,1099,594),(382,1062,815),(384,345,595),(382,1193,816),(384,469,596),(382,1192,817),(384,307,597),(384,300,598),(382,1037,818),(384,439,599),(382,1084,819),(384,294,600),(382,1197,820),(384,444,601),(382,1198,821),(384,1135,602),(382,1199,822),(382,1195,823),(384,338,603),(382,1201,824),(384,327,604),(382,1196,825),(382,1200,826),(382,1171,827),(384,330,605),(382,1202,828),(384,301,606),(382,1217,829),(382,1210,830),(382,1221,831),(384,283,607),(382,1215,832),(384,1149,608),(382,1216,833),(382,1211,834),(384,461,609),(382,1225,835),(384,304,610),(382,1229,836),(384,311,611),(382,1219,837),(382,1226,838),(384,316,612),(385,137,385),(382,1223,839),(384,309,613),(382,1228,840),(384,288,614),(382,1222,841),(384,310,615),(382,1220,842),(382,1191,843),(384,1150,616),(382,1224,844),(384,443,617),(382,1218,845),(384,399,618),(382,1194,846),(384,1187,619),(382,1208,847),(384,457,620),(382,1206,848),(384,516,621),(382,1207,849),(384,508,622),(382,1205,850),(384,137,623),(382,1203,851),(382,1204,852),(382,1214,853),(382,1209,854),(382,1190,855),(382,1213,856),(382,845,857),(382,137,858),(382,879,859),(386,276,92),(386,275,93),(296,137,433),(299,137,394),(382,366,860),(298,1212,896),(382,367,861),(238,1212,952),(382,368,862),(220,1248,263),(382,369,863),(263,1248,270),(382,370,864),(382,373,865),(382,374,866),(382,375,867),(382,376,868),(382,377,869),(382,378,870),(382,379,871),(382,380,872),(382,381,873),(382,382,874),(382,383,875),(382,384,876),(382,385,877),(382,386,878),(382,387,879),(382,388,880),(382,1248,881),(382,1227,882),(382,1212,883),(342,357,10),(325,357,12),(324,357,7),(326,357,5),(327,357,12);
/*!40000 ALTER TABLE `script_group_script_file` ENABLE KEYS */;
UNLOCK TABLES;

--
-- Table structure for table `script_rdkversions`
--

DROP TABLE IF EXISTS `script_rdkversions`;
/*!40101 SET @saved_cs_client     = @@character_set_client */;
/*!40101 SET character_set_client = utf8 */;
CREATE TABLE `script_rdkversions` (
  `script_rdk_versions_id` bigint(20) DEFAULT NULL,
  `rdkversions_id` bigint(20) DEFAULT NULL,
  KEY `FKC95104A078CFB00` (`script_rdk_versions_id`),
  KEY `FKC95104A0D247002A` (`rdkversions_id`),
  CONSTRAINT `FKC95104A078CFB00` FOREIGN KEY (`script_rdk_versions_id`) REFERENCES `script` (`id`),
  CONSTRAINT `FKC95104A0D247002A` FOREIGN KEY (`rdkversions_id`) REFERENCES `rdkversions` (`id`)
) ENGINE=InnoDB DEFAULT CHARSET=latin1;
/*!40101 SET character_set_client = @saved_cs_client */;


--
-- Table structure for table `socvendor`
--

DROP TABLE IF EXISTS `socvendor`;
/*!40101 SET @saved_cs_client     = @@character_set_client */;
/*!40101 SET character_set_client = utf8 */;
CREATE TABLE `socvendor` (
  `id` bigint(20) NOT NULL AUTO_INCREMENT,
  `version` bigint(20) NOT NULL,
  `name` varchar(255) NOT NULL,
  `groups_id` bigint(20) DEFAULT NULL,
  PRIMARY KEY (`id`),
  UNIQUE KEY `name` (`name`),
  KEY `FKE987E18F984B586A` (`groups_id`),
  CONSTRAINT `FKE987E18F984B586A` FOREIGN KEY (`groups_id`) REFERENCES `groups` (`id`)
) ENGINE=InnoDB AUTO_INCREMENT=7 DEFAULT CHARSET=latin1;
/*!40101 SET character_set_client = @saved_cs_client */;

--
-- Dumping data for table `socvendor`
--

LOCK TABLES `socvendor` WRITE;
/*!40000 ALTER TABLE `socvendor` DISABLE KEYS */;
INSERT INTO `socvendor` VALUES (1,0,'Parker',NULL),(2,0,'Px001bn',NULL),(3,0,'Rng150',NULL),(4,0,'Intel',NULL),(5,0,'Broadcom  MIPS',NULL),(6,0,'Broadcom - ARM',NULL);
/*!40000 ALTER TABLE `socvendor` ENABLE KEYS */;
UNLOCK TABLES;

--
-- Table structure for table `streaming_details`
--

DROP TABLE IF EXISTS `streaming_details`;
/*!40101 SET @saved_cs_client     = @@character_set_client */;
/*!40101 SET character_set_client = utf8 */;
CREATE TABLE `streaming_details` (
  `id` bigint(20) NOT NULL AUTO_INCREMENT,
  `version` bigint(20) NOT NULL,
  `audio_format` varchar(255) NOT NULL,
  `channel_type` varchar(255) NOT NULL,
  `stream_id` varchar(64) NOT NULL,
  `video_format` varchar(255) NOT NULL,
  `gateway_ip` varchar(255) DEFAULT NULL,
  `ocap_id` varchar(255) DEFAULT NULL,
  `recorder_id` varchar(255) DEFAULT NULL,
  `groups_id` bigint(20) DEFAULT NULL,
  PRIMARY KEY (`id`),
  UNIQUE KEY `stream_id` (`stream_id`),
  KEY `FKD3332F65984B586A` (`groups_id`),
  CONSTRAINT `FKD3332F65984B586A` FOREIGN KEY (`groups_id`) REFERENCES `groups` (`id`)
) ENGINE=InnoDB AUTO_INCREMENT=16 DEFAULT CHARSET=latin1;
/*!40101 SET character_set_client = @saved_cs_client */;

--
-- Dumping data for table `streaming_details`
--

LOCK TABLES `streaming_details` WRITE;
/*!40000 ALTER TABLE `streaming_details` DISABLE KEYS */;
INSERT INTO `streaming_details` VALUES (4,14,'ac3','SD','01','mpeg2',NULL,NULL,NULL,NULL),(5,3,'ac3','HD','02','mpeg4',NULL,NULL,NULL,NULL),(6,4,'aac','SD','03','mpeg2',NULL,NULL,NULL,NULL),(7,4,'aac','HD','04','mpeg4',NULL,NULL,NULL,NULL),(8,1,'mp3','HD','05','mpeg2',NULL,NULL,NULL,NULL),(9,1,'mp3','HD','06','mpeg4',NULL,NULL,NULL,NULL),(10,1,'wav','HD','07','mpeg2',NULL,NULL,NULL,NULL),(11,1,'wav','HD','08','mpeg4',NULL,NULL,NULL,NULL),(12,1,'ac3','HD','09','h264',NULL,NULL,NULL,NULL),(13,1,'aac','HD','10','h264',NULL,NULL,NULL,NULL),(14,1,'mp3','HD','11','h264',NULL,NULL,NULL,NULL),(15,2,'wav','HD','12','h264',NULL,NULL,NULL,NULL);
/*!40000 ALTER TABLE `streaming_details` ENABLE KEYS */;
UNLOCK TABLES;

--
-- Table structure for table `third_party_execution_details`
--

DROP TABLE IF EXISTS `third_party_execution_details`;
/*!40101 SET @saved_cs_client     = @@character_set_client */;
/*!40101 SET character_set_client = utf8 */;
CREATE TABLE `third_party_execution_details` (
  `id` bigint(20) NOT NULL AUTO_INCREMENT,
  `version` bigint(20) NOT NULL,
  `box_type` varchar(255) DEFAULT NULL,
  `callback_url` varchar(255) DEFAULT NULL,
  `exec_name` varchar(255) DEFAULT NULL,
  `execution_id` bigint(20) DEFAULT NULL,
  `execution_start_time` bigint(20) NOT NULL,
  `file_path` varchar(255) DEFAULT NULL,
  `image_name` varchar(255) DEFAULT NULL,
  `url` varchar(255) DEFAULT NULL,
  PRIMARY KEY (`id`),
  KEY `FKA7A4E82A8358C58A` (`execution_id`),
  CONSTRAINT `FKA7A4E82A8358C58A` FOREIGN KEY (`execution_id`) REFERENCES `execution` (`id`)
) ENGINE=InnoDB DEFAULT CHARSET=latin1;
/*!40101 SET character_set_client = @saved_cs_client */;


--
-- Table structure for table `user`
--

DROP TABLE IF EXISTS `user`;
/*!40101 SET @saved_cs_client     = @@character_set_client */;
/*!40101 SET character_set_client = utf8 */;
CREATE TABLE `user` (
  `id` bigint(20) NOT NULL AUTO_INCREMENT,
  `version` bigint(20) NOT NULL,
  `email` varchar(255) NOT NULL,
  `group_name_id` bigint(20) DEFAULT NULL,
  `name` varchar(255) NOT NULL,
  `password_hash` varchar(255) DEFAULT NULL,
  `status` varchar(255) DEFAULT NULL,
  `username` varchar(255) NOT NULL,
  PRIMARY KEY (`id`),
  UNIQUE KEY `username` (`username`),
  KEY `FK36EBCB5A529693` (`group_name_id`),
  CONSTRAINT `FK36EBCB5A529693` FOREIGN KEY (`group_name_id`) REFERENCES `groups` (`id`)
) ENGINE=InnoDB AUTO_INCREMENT=3 DEFAULT CHARSET=latin1;
/*!40101 SET character_set_client = @saved_cs_client */;

--
-- Dumping data for table `user`
--

LOCK TABLES `user` WRITE;
/*!40000 ALTER TABLE `user` DISABLE KEYS */;
INSERT INTO `user` VALUES (1,1,'sreejasuma@tataelxsi.co.in',NULL,'ADMINISTRATOR','5e884898da28047151d0e56f8dc6292773603d0d6aabbdd62a11ef721d1542d8',NULL,'admin');
/*!40000 ALTER TABLE `user` ENABLE KEYS */;
UNLOCK TABLES;

--
-- Table structure for table `user_group`
--

DROP TABLE IF EXISTS `user_group`;
/*!40101 SET @saved_cs_client     = @@character_set_client */;
/*!40101 SET character_set_client = utf8 */;
CREATE TABLE `user_group` (
  `id` bigint(20) NOT NULL AUTO_INCREMENT,
  `version` bigint(20) NOT NULL,
  `group_manager_id` bigint(20) NOT NULL,
  `group_name` varchar(255) NOT NULL,
  PRIMARY KEY (`id`),
  KEY `FK72A9010B3C9C6FA8` (`group_manager_id`),
  CONSTRAINT `FK72A9010B3C9C6FA8` FOREIGN KEY (`group_manager_id`) REFERENCES `user` (`id`)
) ENGINE=InnoDB DEFAULT CHARSET=latin1;
/*!40101 SET character_set_client = @saved_cs_client */;

--
-- Dumping data for table `user_group`
--

LOCK TABLES `user_group` WRITE;
/*!40000 ALTER TABLE `user_group` DISABLE KEYS */;
/*!40000 ALTER TABLE `user_group` ENABLE KEYS */;
UNLOCK TABLES;

--
-- Table structure for table `user_group_user`
--

DROP TABLE IF EXISTS `user_group_user`;
/*!40101 SET @saved_cs_client     = @@character_set_client */;
/*!40101 SET character_set_client = utf8 */;
CREATE TABLE `user_group_user` (
  `user_group_users_id` bigint(20) DEFAULT NULL,
  `user_id` bigint(20) DEFAULT NULL,
  KEY `FK9C06927F5976FFAA` (`user_group_users_id`),
  KEY `FK9C06927F4A160D0A` (`user_id`),
  CONSTRAINT `FK9C06927F4A160D0A` FOREIGN KEY (`user_id`) REFERENCES `user` (`id`),
  CONSTRAINT `FK9C06927F5976FFAA` FOREIGN KEY (`user_group_users_id`) REFERENCES `user_group` (`id`)
) ENGINE=InnoDB DEFAULT CHARSET=latin1;
/*!40101 SET character_set_client = @saved_cs_client */;

--
-- Dumping data for table `user_group_user`
--

LOCK TABLES `user_group_user` WRITE;
/*!40000 ALTER TABLE `user_group_user` DISABLE KEYS */;
/*!40000 ALTER TABLE `user_group_user` ENABLE KEYS */;
UNLOCK TABLES;

--
-- Table structure for table `user_permissions`
--

DROP TABLE IF EXISTS `user_permissions`;
/*!40101 SET @saved_cs_client     = @@character_set_client */;
/*!40101 SET character_set_client = utf8 */;
CREATE TABLE `user_permissions` (
  `user_id` bigint(20) DEFAULT NULL,
  `permissions_string` varchar(255) DEFAULT NULL,
  KEY `FKE693E6104A160D0A` (`user_id`),
  CONSTRAINT `FKE693E6104A160D0A` FOREIGN KEY (`user_id`) REFERENCES `user` (`id`)
) ENGINE=InnoDB DEFAULT CHARSET=latin1;
/*!40101 SET character_set_client = @saved_cs_client */;

--
-- Dumping data for table `user_permissions`
--

LOCK TABLES `user_permissions` WRITE;
/*!40000 ALTER TABLE `user_permissions` DISABLE KEYS */;
INSERT INTO `user_permissions` VALUES (1,'*:*');
/*!40000 ALTER TABLE `user_permissions` ENABLE KEYS */;
UNLOCK TABLES;

--
-- Table structure for table `user_roles`
--

DROP TABLE IF EXISTS `user_roles`;
/*!40101 SET @saved_cs_client     = @@character_set_client */;
/*!40101 SET character_set_client = utf8 */;
CREATE TABLE `user_roles` (
  `user_id` bigint(20) NOT NULL,
  `role_id` bigint(20) NOT NULL,
  PRIMARY KEY (`user_id`,`role_id`),
  KEY `FK73429949A4EB492A` (`role_id`),
  KEY `FK734299494A160D0A` (`user_id`),
  CONSTRAINT `FK734299494A160D0A` FOREIGN KEY (`user_id`) REFERENCES `user` (`id`),
  CONSTRAINT `FK73429949A4EB492A` FOREIGN KEY (`role_id`) REFERENCES `role` (`id`)
) ENGINE=InnoDB DEFAULT CHARSET=latin1;
/*!40101 SET character_set_client = @saved_cs_client */;

--
-- Dumping data for table `user_roles`
--

LOCK TABLES `user_roles` WRITE;
/*!40000 ALTER TABLE `user_roles` DISABLE KEYS */;
INSERT INTO `user_roles` VALUES (1,1),(2,1),(5,1),(6,1);
/*!40000 ALTER TABLE `user_roles` ENABLE KEYS */;
UNLOCK TABLES;
/*!40103 SET TIME_ZONE=@OLD_TIME_ZONE */;

/*!40101 SET SQL_MODE=@OLD_SQL_MODE */;
/*!40014 SET FOREIGN_KEY_CHECKS=@OLD_FOREIGN_KEY_CHECKS */;
/*!40014 SET UNIQUE_CHECKS=@OLD_UNIQUE_CHECKS */;
/*!40101 SET CHARACTER_SET_CLIENT=@OLD_CHARACTER_SET_CLIENT */;
/*!40101 SET CHARACTER_SET_RESULTS=@OLD_CHARACTER_SET_RESULTS */;
/*!40101 SET COLLATION_CONNECTION=@OLD_COLLATION_CONNECTION */;
/*!40111 SET SQL_NOTES=@OLD_SQL_NOTES */;

-- Dump completed on 2015-01-30 14:33:18
